compound	predicted	actual
DTXSID0020076	0	0
DTXSID0020105	0	0
DTXSID0020022	0	0
DTXSID0020107	0	0
DTXSID0020286	0	0
DTXSID0020311	0	0
DTXSID0020232	0	0
DTXSID0020319	0	0
DTXSID0020446	0	0
DTXSID0020494	0	0
DTXSID0020442	0	0
DTXSID0020440	0	0
DTXSID0020523	0	0
DTXSID0020529	0	0
DTXSID0020573	1	1
DTXSID0020604	0	0
DTXSID0020575	0	0
DTXSID0020652	0	0
DTXSID0020737	0	0
DTXSID0020654	0	0
DTXSID0020656	0	0
DTXSID0020814	1	1
DTXSID0020941	0	0
DTXSID0021094	0	0
DTXSID0020943	0	0
DTXSID0021125	1	0
DTXSID0021123	0	0
DTXSID0021254	0	0
DTXSID0021256	0	0
DTXSID0021337	0	0
DTXSID0021385	0	0
DTXSID0021389	0	1
DTXSID0021597	0	0
DTXSID0021460	0	1
DTXSID0021414	0	0
DTXSID0021464	0	0
DTXSID0021834	0	0
DTXSID0021832	0	0
DTXSID0021965	0	0
DTXSID0021969	0	0
DTXSID0022353	0	0
DTXSID0022014	0	0
DTXSID0022018	0	0
DTXSID0022480	0	0
DTXSID0022436	1	1
DTXSID0022519	0	0
DTXSID0022777	0	1
DTXSID0023113	0	0
DTXSID0023296	0	1
DTXSID0023745	0	0
DTXSID0023581	0	0
DTXSID0023826	0	0
DTXSID0023878	0	0
DTXSID0023901	0	0
DTXSID0023907	0	0
DTXSID0023951	0	0
DTXSID0024052	0	0
DTXSID0024266	0	1
DTXSID0024002	0	0
DTXSID0024216	0	0
DTXSID0025101	0	0
DTXSID0025234	0	0
DTXSID0025523	0	0
DTXSID0025864	0	0
DTXSID0026171	0	0
DTXSID0027983	0	0
DTXSID0027856	0	0
DTXSID0027852	0	0
DTXSID1027390	0	0
DTXSID1027926	0	1
DTXSID1027924	0	0
DTXSID1027899	0	0
DTXSID2025216	0	0
DTXSID3026302	0	0
DTXSID3032412	0	0
DTXSID4021391	0	0
DTXSID4035708	0	0
DTXSID5027932	0	0
DTXSID5041302	0	0
DTXSID6027921	0	0
DTXSID7025130	0	0
DTXSID7026314	0	0
DTXSID7027388	0	0
DTXSID7027837	0	0
DTXSID7041708	0	0
DTXSID8027377	0	0
DTXSID9020794	0	0
DTXSID9023833	0	0
DTXSID9027863	0	0
DTXSID0026252	1	0
DTXSID0026258	0	0
DTXSID0027014	0	0
DTXSID0027191	0	0
DTXSID0027195	0	0
DTXSID0027222	0	0
DTXSID0027721	0	0
DTXSID0029210	0	0
DTXSID0029761	0	0
DTXSID0029262	0	0
DTXSID0029559	0	0
DTXSID0032316	0	1
DTXSID0032493	0	1
DTXSID0032497	0	0
DTXSID0032520	0	0
DTXSID0032601	0	1
DTXSID0032572	0	0
DTXSID0032605	0	0
DTXSID0032651	0	0
DTXSID0032655	0	0
DTXSID0034223	0	0
DTXSID0034192	1	1
DTXSID0034300	0	0
DTXSID0034229	0	0
DTXSID0034518	0	0
DTXSID0034695	0	0
DTXSID0034803	0	0
DTXSID0034855	0	0
DTXSID0035160	0	0
DTXSID0035748	0	0
DTXSID0034930	0	0
DTXSID0034722	0	0
DTXSID0038700	0	0
DTXSID0038881	0	0
DTXSID0038887	1	0
DTXSID0040707	0	1
DTXSID0037495	0	0
DTXSID0041141	0	0
DTXSID0041274	0	0
DTXSID0041357	0	0
DTXSID0042086	0	0
DTXSID0041646	0	0
DTXSID0042169	0	0
DTXSID0042325	0	0
DTXSID0042379	0	0
DTXSID0044575	0	0
DTXSID0047246	0	0
DTXSID0047248	0	0
DTXSID0047290	0	0
DTXSID0047292	0	0
DTXSID0047296	0	0
DTXSID0047325	0	0
DTXSID0047294	0	0
DTXSID0047375	0	0
DTXSID0047327	0	0
DTXSID0047371	0	0
DTXSID0047377	0	0
DTXSID0047379	0	0
DTXSID0047456	0	0
DTXSID0047741	0	0
DTXSID0048181	0	0
DTXSID0048185	1	0
DTXSID0048187	0	0
DTXSID0048183	1	1
DTXSID0048507	0	0
DTXSID0048505	0	0
DTXSID0048509	0	0
DTXSID1020069	0	1
DTXSID1020148	0	0
DTXSID1020190	0	0
DTXSID1020350	0	0
DTXSID1020221	1	1
DTXSID1020352	0	0
DTXSID1020431	0	0
DTXSID1020512	0	0
DTXSID1020516	0	0
DTXSID1020510	0	0
DTXSID1020439	0	1
DTXSID1020647	0	0
DTXSID1020485	0	0
DTXSID1020560	0	0
DTXSID1020770	0	0
DTXSID1020699	0	0
DTXSID1020855	0	0
DTXSID1020807	0	0
DTXSID1021031	0	0
DTXSID1020930	0	0
DTXSID1021087	0	0
DTXSID1021243	0	1
DTXSID1021164	0	0
DTXSID1021166	0	0
DTXSID1021322	0	0
DTXSID1021403	0	0
DTXSID1021409	0	0
DTXSID1021455	0	0
DTXSID1021871	0	1
DTXSID1021790	0	0
DTXSID1021798	0	0
DTXSID1021792	0	0
DTXSID1021952	0	1
DTXSID1022053	0	0
DTXSID1022396	1	1
DTXSID1022421	0	0
DTXSID1022265	0	0
DTXSID1022479	0	0
DTXSID1022508	0	1
DTXSID1022394	1	1
DTXSID1023235	0	0
DTXSID1023869	0	0
DTXSID1023819	0	0
DTXSID1023990	0	0
DTXSID1023998	0	0
DTXSID1024049	0	0
DTXSID1024126	1	1
DTXSID1024170	0	0
DTXSID1024209	0	0
DTXSID1024097	0	0
DTXSID1024124	0	0
DTXSID1024255	0	0
DTXSID1024259	0	0
DTXSID1024174	0	0
DTXSID1024338	0	0
DTXSID1024621	0	0
DTXSID1024704	0	0
DTXSID1025148	0	0
DTXSID1025017	0	1
DTXSID1025306	0	0
DTXSID1025300	0	0
DTXSID1025271	0	0
DTXSID1025726	0	0
DTXSID1025805	0	0
DTXSID1026035	0	0
DTXSID1026118	0	0
DTXSID1026164	0	0
DTXSID1026081	1	0
DTXSID1025857	0	0
DTXSID1026879	0	0
DTXSID1026900	0	0
DTXSID1026792	0	0
DTXSID1026665	0	0
DTXSID1027134	0	0
DTXSID1027184	0	0
DTXSID1026906	0	1
DTXSID1026908	0	0
DTXSID1027479	1	0
DTXSID1027500	0	0
DTXSID1027633	0	0
DTXSID1027920	0	0
DTXSID1029124	0	0
DTXSID1029128	0	0
DTXSID1029677	0	0
DTXSID1032309	0	0
DTXSID1032303	0	0
DTXSID1030606	0	0
DTXSID1032355	0	0
DTXSID1032359	0	1
DTXSID1032488	0	0
DTXSID1032511	0	0
DTXSID1032513	0	0
DTXSID1032519	0	0
DTXSID1032482	0	0
DTXSID1032484	0	0
DTXSID1032569	0	0
DTXSID1032646	0	0
DTXSID1032640	0	0
DTXSID1032648	0	0
DTXSID1032690	0	0
DTXSID1033664	0	1
DTXSID1034503	0	0
DTXSID1034187	0	1
DTXSID1034181	1	1
DTXSID1034634	0	0
DTXSID1034212	0	0
DTXSID1034210	0	0
DTXSID1034260	0	0
DTXSID1034973	0	0
DTXSID1034929	0	0
DTXSID1037303	0	0
DTXSID1037565	0	0
DTXSID1038298	1	1
DTXSID1038795	0	0
DTXSID1038321	0	0
DTXSID1038666	0	0
DTXSID1040742	0	0
DTXSID1040611	0	1
DTXSID1040792	0	0
DTXSID1040794	0	0
DTXSID1040372	0	1
DTXSID1041184	0	0
DTXSID1041188	0	0
DTXSID1041425	0	0
DTXSID1041346	0	0
DTXSID1041421	0	0
DTXSID1041550	0	0
DTXSID1041639	0	1
DTXSID1041891	0	0
DTXSID1041970	0	0
DTXSID1041978	0	0
DTXSID1042154	0	0
DTXSID1042491	0	0
DTXSID1044487	0	0
DTXSID1044643	0	0
DTXSID1044564	0	0
DTXSID1046970	0	1
DTXSID1047281	0	0
DTXSID1047283	0	0
DTXSID1047316	0	0
DTXSID1047289	0	0
DTXSID1047318	0	0
DTXSID1047360	0	0
DTXSID1047310	0	0
DTXSID1047312	0	0
DTXSID1047362	0	0
DTXSID1047285	0	0
DTXSID1047287	0	0
DTXSID1047366	0	0
DTXSID1047368	0	0
DTXSID1047576	0	0
DTXSID1048170	0	0
DTXSID1048172	0	0
DTXSID1048174	0	0
DTXSID1048176	0	0
DTXSID1048203	0	0
DTXSID1048178	0	0
DTXSID1048207	0	0
DTXSID2020137	0	0
DTXSID2020212	0	1
DTXSID2020262	0	0
DTXSID2020189	0	0
DTXSID2020216	0	0
DTXSID2020426	0	0
DTXSID2020347	0	0
DTXSID2020420	0	0
DTXSID2020507	0	0
DTXSID2020505	0	0
DTXSID2020634	0	0
DTXSID2020501	0	0
DTXSID2020688	0	0
DTXSID2020686	0	1
DTXSID2020713	0	0
DTXSID2020894	0	0
DTXSID2020890	0	0
DTXSID2020921	0	0
DTXSID2021026	0	0
DTXSID2021028	0	0
DTXSID2021103	0	1
DTXSID2021105	0	0
DTXSID2021238	0	0
DTXSID2021151	1	1
DTXSID2021234	0	0
DTXSID2021286	0	0
DTXSID2021288	0	0
DTXSID2021440	0	0
DTXSID2021311	1	1
DTXSID2021575	0	0
DTXSID2021735	0	0
DTXSID2021864	0	0
DTXSID2021941	0	0
DTXSID2021997	0	0
DTXSID2021995	0	0
DTXSID2022048	0	0
DTXSID2021993	0	0
DTXSID2022331	0	0
DTXSID2022179	0	0
DTXSID2022254	0	1
DTXSID2022171	0	0
DTXSID2022678	0	0
DTXSID2022628	0	0
DTXSID2023193	0	0
DTXSID2023430	0	0
DTXSID2024086	0	1
DTXSID2024163	0	0
DTXSID2024242	0	0
DTXSID2025133	0	0
DTXSID2025135	0	0
DTXSID2024793	0	0
DTXSID2024955	0	0
DTXSID2025050	0	0
DTXSID2025347	0	0
DTXSID2025395	0	0
DTXSID2025688	0	0
DTXSID2026238	0	0
DTXSID2025892	0	1
DTXSID2026496	0	0
DTXSID2026523	0	0
DTXSID2026525	0	1
DTXSID2026529	0	1
DTXSID2026602	0	0
DTXSID2026789	0	0
DTXSID2026997	0	0
DTXSID2027200	0	0
DTXSID2027204	0	0
DTXSID2027333	0	0
DTXSID2027412	0	0
DTXSID2027414	0	0
DTXSID2027593	0	0
DTXSID2029167	0	0
DTXSID2029246	0	0
DTXSID2029290	0	0
DTXSID2029325	0	0
DTXSID2029612	0	0
DTXSID2029616	0	0
DTXSID2029874	0	0
DTXSID2032348	0	0
DTXSID2032390	0	1
DTXSID2032344	0	1
DTXSID2032500	0	0
DTXSID2032550	0	0
DTXSID2032554	0	0
DTXSID2032552	0	0
DTXSID2032392	0	0
DTXSID2032398	0	1
DTXSID2032637	0	0
DTXSID2032639	0	0
DTXSID2032556	0	0
DTXSID2032683	0	0
DTXSID2032558	0	1
DTXSID2034465	0	0
DTXSID2034598	0	0
DTXSID2034625	0	0
DTXSID2034590	0	0
DTXSID2034881	0	0
DTXSID2034627	0	0
DTXSID2034673	0	0
DTXSID2034700	0	0
DTXSID2034962	0	0
DTXSID2036112	0	0
DTXSID2036299	0	0
DTXSID2036588	0	1
DTXSID2037712	1	1
DTXSID2037714	0	1
DTXSID2040363	0	0
DTXSID2039336	0	0
DTXSID2040151	0	0
DTXSID2040361	0	0
DTXSID2041252	0	0
DTXSID2041125	0	0
DTXSID2041389	0	0
DTXSID2041208	0	0
DTXSID2041250	0	0
DTXSID2041200	0	0
DTXSID2041709	0	0
DTXSID2042276	0	0
DTXSID2042060	0	0
DTXSID2042062	0	0
DTXSID2042191	0	0
DTXSID2044391	0	0
DTXSID2044553	0	0
DTXSID2044713	0	0
DTXSID2045232	0	0
DTXSID2047272	0	1
DTXSID2047270	0	0
DTXSID2047274	0	0
DTXSID2047301	0	0
DTXSID2047303	0	1
DTXSID2047276	0	0
DTXSID2047307	0	0
DTXSID2047309	0	0
DTXSID2047305	0	0
DTXSID2047278	0	0
DTXSID2047357	0	0
DTXSID2047353	0	0
DTXSID2047355	0	0
DTXSID2047359	0	0
DTXSID2047351	0	0
DTXSID2047565	0	0
DTXSID3020093	0	0
DTXSID3020043	0	0
DTXSID3020091	0	0
DTXSID3020047	0	0
DTXSID3020122	0	0
DTXSID3020207	0	0
DTXSID3020257	0	0
DTXSID3020336	0	0
DTXSID3020621	0	0
DTXSID3020625	0	0
DTXSID3020627	0	0
DTXSID3020679	0	0
DTXSID3020887	0	0
DTXSID3020673	0	0
DTXSID3020916	0	0
DTXSID3020889	0	0
DTXSID3020964	0	0
DTXSID3020966	0	0
DTXSID3021196	0	0
DTXSID3021356	0	0
DTXSID3021358	0	0
DTXSID3021483	0	0
DTXSID3021643	0	0
DTXSID3021853	0	0
DTXSID3021770	0	0
DTXSID3021774	0	0
DTXSID3021986	0	0
DTXSID3021936	0	0
DTXSID3021984	0	0
DTXSID3022247	0	0
DTXSID3022370	0	0
DTXSID3022162	0	0
DTXSID3022536	1	1
DTXSID3022405	0	1
DTXSID3022409	1	1
DTXSID3022588	0	0
DTXSID3023845	0	0
DTXSID3023897	0	0
DTXSID3023556	0	0
DTXSID3023899	0	0
DTXSID3024152	0	0
DTXSID3024102	0	0
DTXSID3024154	0	0
DTXSID3024235	0	0
DTXSID3024104	0	1
DTXSID3024287	0	0
DTXSID3024368	0	0
DTXSID3024289	0	0
DTXSID3024239	0	0
DTXSID3024316	0	0
DTXSID3024869	0	0
DTXSID3024940	0	0
DTXSID3024994	0	0
DTXSID3025178	0	0
DTXSID3024944	0	0
DTXSID3025091	0	0
DTXSID3025049	0	0
DTXSID3026065	0	0
DTXSID3025881	0	0
DTXSID3026514	0	0
DTXSID3026645	0	0
DTXSID3026726	0	0
DTXSID3026728	0	0
DTXSID3027320	0	0
DTXSID3027403	0	0
DTXSID3029154	0	0
DTXSID3029289	0	0
DTXSID3029653	0	0
DTXSID3029572	0	0
DTXSID3031860	0	0
DTXSID3032416	0	0
DTXSID3032464	0	1
DTXSID3031862	0	0
DTXSID3032337	0	0
DTXSID3032389	0	0
DTXSID3032547	0	0
DTXSID3032549	0	1
DTXSID3032591	0	0
DTXSID3032620	0	0
DTXSID3032628	0	0
DTXSID3034402	0	0
DTXSID3034531	0	0
DTXSID3034456	0	1
DTXSID3034614	0	0
DTXSID3034165	0	0
DTXSID3034583	0	0
DTXSID3034612	0	0
DTXSID3035341	0	0
DTXSID3034872	0	0
DTXSID3036286	0	0
DTXSID3034618	0	0
DTXSID3036496	0	0
DTXSID3034664	0	0
DTXSID3037541	0	0
DTXSID3037094	1	1
DTXSID3037208	0	0
DTXSID3038808	0	1
DTXSID3041293	0	0
DTXSID3041376	0	0
DTXSID3041299	0	0
DTXSID3040776	1	1
DTXSID3041409	0	0
DTXSID3041877	0	0
DTXSID3041794	0	0
DTXSID3041790	0	0
DTXSID3041663	0	0
DTXSID3042130	0	0
DTXSID3042390	0	0
DTXSID3042394	0	0
DTXSID3042219	0	0
DTXSID3044203	0	0
DTXSID3044833	0	0
DTXSID3047138	0	0
DTXSID3047261	0	0
DTXSID3047263	0	0
DTXSID3047342	0	0
DTXSID3047265	0	0
DTXSID3047267	0	0
DTXSID3047344	0	0
DTXSID3047425	0	1
DTXSID3047346	0	0
DTXSID3047348	0	0
DTXSID3047429	0	0
DTXSID3048522	0	0
DTXSID3048520	0	0
DTXSID4020240	0	0
DTXSID4020161	0	0
DTXSID4020119	0	0
DTXSID4020242	0	0
DTXSID4020290	0	0
DTXSID4020371	0	0
DTXSID4020292	0	0
DTXSID4020373	0	1
DTXSID4020450	0	0
DTXSID4020458	0	1
DTXSID4020375	0	1
DTXSID4020537	0	0
DTXSID4020379	0	1
DTXSID4020664	0	0
DTXSID4020402	0	0
DTXSID4020616	0	0
DTXSID4020666	0	0
DTXSID4020618	0	0
DTXSID4020791	0	0
DTXSID4020828	0	0
DTXSID4020870	1	0
DTXSID4020820	0	0
DTXSID4020822	0	0
DTXSID4020959	0	0
DTXSID4021006	0	0
DTXSID4021135	0	0
DTXSID4021137	0	0
DTXSID4021218	1	1
DTXSID4021393	0	0
DTXSID4021268	0	0
DTXSID4021185	0	0
DTXSID4021395	0	0
DTXSID4021553	0	0
DTXSID4021717	0	1
DTXSID4021975	0	1
DTXSID4022109	0	0
DTXSID4022020	0	0
DTXSID4021977	0	0
DTXSID4021842	0	0
DTXSID4021848	0	0
DTXSID4022153	0	0
DTXSID4022288	0	0
DTXSID4022361	0	0
DTXSID4022369	1	1
DTXSID4022442	1	1
DTXSID4022446	0	1
DTXSID4022448	0	0
DTXSID4022731	0	0
DTXSID4022367	1	1
DTXSID4022991	0	0
DTXSID4023202	0	0
DTXSID4023541	0	0
DTXSID4023412	0	0
DTXSID4024066	0	0
DTXSID4024143	0	0
DTXSID4024193	0	0
DTXSID4024018	0	0
DTXSID4024062	0	0
DTXSID4024272	0	0
DTXSID4024145	0	0
DTXSID4024195	0	0
DTXSID4024274	0	0
DTXSID4024436	0	1
DTXSID4024270	0	0
DTXSID4024276	0	0
DTXSID4024359	0	1
DTXSID4024721	0	0
DTXSID4024729	0	0
DTXSID4024985	0	0
DTXSID4025612	0	0
DTXSID4025662	0	0
DTXSID4025791	0	0
DTXSID4026214	0	0
DTXSID4026183	0	0
DTXSID4026262	0	0
DTXSID4026501	0	0
DTXSID4026684	0	0
DTXSID4026769	0	0
DTXSID4027072	0	0
DTXSID4027153	0	0
DTXSID4027236	0	0
DTXSID4027282	0	0
DTXSID4027076	0	0
DTXSID4027367	0	0
DTXSID4027494	0	0
DTXSID4027496	0	0
DTXSID4027608	0	0
DTXSID4027650	0	0
DTXSID4029353	0	1
DTXSID4029692	0	0
DTXSID4032459	0	0
DTXSID4032372	0	0
DTXSID4032376	0	0
DTXSID4032405	0	0
DTXSID4032532	0	0
DTXSID4032611	0	0
DTXSID4032580	0	0
DTXSID4032613	0	0
DTXSID4032615	0	0
DTXSID4032619	0	0
DTXSID4032667	0	0
DTXSID4034150	0	0
DTXSID4034497	0	1
DTXSID4034528	0	0
DTXSID4034601	0	0
DTXSID4034287	0	0
DTXSID4034948	0	0
DTXSID4034609	0	0
DTXSID4034653	0	0
DTXSID4036435	0	0
DTXSID4040343	0	0
DTXSID4041521	0	0
DTXSID4041442	0	0
DTXSID4041492	0	0
DTXSID4042094	0	0
DTXSID4042096	0	0
DTXSID4042121	0	0
DTXSID4042171	0	0
DTXSID4041818	0	0
DTXSID4042206	0	0
DTXSID4044581	0	0
DTXSID4047127	0	0
DTXSID4047254	0	0
DTXSID4047331	0	0
DTXSID4047258	0	0
DTXSID4047333	0	0
DTXSID4047252	0	0
DTXSID4047339	0	0
DTXSID4047337	0	0
DTXSID4047389	0	0
DTXSID4047385	0	0
DTXSID4047335	0	0
DTXSID4047387	0	0
DTXSID4047383	0	0
DTXSID4048513	0	0
DTXSID4048191	0	0
DTXSID4048193	0	0
DTXSID4048511	0	0
DTXSID4048195	0	1
DTXSID4048199	0	0
DTXSID4048519	0	0
DTXSID5020152	0	0
DTXSID5020106	0	0
DTXSID5020154	0	0
DTXSID5020233	0	0
DTXSID5020029	0	0
DTXSID5020449	0	0
DTXSID5020443	0	0
DTXSID5020366	0	0
DTXSID5020493	0	1
DTXSID5020528	0	0
DTXSID5020499	0	0
DTXSID5020283	0	0
DTXSID5020601	0	0
DTXSID5020281	0	0
DTXSID5020570	0	0
DTXSID5020576	1	1
DTXSID5020653	0	0
DTXSID5020730	0	0
DTXSID5020811	0	0
DTXSID5020784	0	0
DTXSID5020819	0	0
DTXSID5020867	0	1
DTXSID5020869	0	0
DTXSID5020863	0	0
DTXSID5021097	0	0
DTXSID5021124	0	0
DTXSID5021126	0	0
DTXSID5020944	0	0
DTXSID5021251	0	0
DTXSID5021209	0	0
DTXSID5021332	0	0
DTXSID5021336	0	0
DTXSID5021386	0	0
DTXSID5021411	0	0
DTXSID5021388	0	0
DTXSID5021413	0	0
DTXSID5021415	0	0
DTXSID5021419	0	0
DTXSID5021544	0	0
DTXSID5021758	0	0
DTXSID5021754	0	0
DTXSID5021831	0	0
DTXSID5021885	0	0
DTXSID5021968	0	0
DTXSID5022308	1	1
DTXSID5022437	1	1
DTXSID5022489	0	0
DTXSID5022510	0	1
DTXSID5022934	0	0
DTXSID5023322	1	1
DTXSID5023588	0	0
DTXSID5023792	0	0
DTXSID5023742	0	0
DTXSID5023796	0	0
DTXSID5023902	0	1
DTXSID5023877	0	0
DTXSID5023900	0	0
DTXSID5023950	0	0
DTXSID5023871	0	0
DTXSID5024057	0	0
DTXSID5024182	0	0
DTXSID5024211	0	0
DTXSID5024051	0	0
DTXSID5024059	0	1
DTXSID5024261	0	0
DTXSID5024263	0	0
DTXSID5024681	0	0
DTXSID5024845	0	0
DTXSID5024891	0	0
DTXSID5024922	0	0
DTXSID5025023	0	0
DTXSID5025102	0	0
DTXSID5025607	0	0
DTXSID5026251	0	1
DTXSID5026259	0	0
DTXSID5026178	0	0
DTXSID5026461	0	0
DTXSID5026548	0	0
DTXSID5026623	0	0
DTXSID5026912	0	0
DTXSID5026706	0	0
DTXSID5027061	0	1
DTXSID5027142	0	0
DTXSID5027198	0	0
DTXSID5027356	0	0
DTXSID5027304	0	0
DTXSID5027433	0	0
DTXSID5032315	0	0
DTXSID5032365	0	0
DTXSID5032498	0	0
DTXSID5032442	0	0
DTXSID5032523	0	0
DTXSID5032579	0	0
DTXSID5032525	0	0
DTXSID5032600	0	0
DTXSID5032573	0	0
DTXSID5032654	0	0
DTXSID5032577	0	0
DTXSID5034357	0	0
DTXSID5033836	1	1
DTXSID5034270	0	0
DTXSID5034723	0	0
DTXSID5034303	0	0
DTXSID5034773	0	0
DTXSID5035589	0	0
DTXSID5035616	0	0
DTXSID5035957	0	0
DTXSID5037028	0	0
DTXSID5037494	0	0
DTXSID5037523	0	0
DTXSID5038830	0	0
DTXSID5038888	0	0
DTXSID5040700	0	0
DTXSID5041273	0	0
DTXSID5040708	0	1
DTXSID5041514	0	0
DTXSID5041516	0	0
DTXSID5041641	0	0
DTXSID5041512	0	0
DTXSID5041643	0	0
DTXSID5041691	0	1
DTXSID5041728	0	0
DTXSID5041726	0	0
DTXSID5044443	0	0
DTXSID5044570	0	0
DTXSID5044572	0	0
DTXSID5044578	0	0
DTXSID5044788	0	0
DTXSID5047033	0	0
DTXSID5047299	0	0
DTXSID5047297	0	0
DTXSID5047249	0	0
DTXSID5047291	0	0
DTXSID5047320	0	0
DTXSID5047324	0	0
DTXSID5047295	0	0
DTXSID5047328	0	0
DTXSID5047322	0	0
DTXSID5047372	0	0
DTXSID5047374	0	0
DTXSID5047451	0	0
DTXSID5047611	0	0
DTXSID5047376	0	0
DTXSID5048184	0	0
DTXSID5048180	0	0
DTXSID5048186	0	0
DTXSID5048506	0	0
DTXSID5048188	0	0
DTXSID6020014	0	0
DTXSID6020141	0	0
DTXSID6020068	0	0
DTXSID6020147	0	0
DTXSID6020197	0	0
DTXSID6020220	0	1
DTXSID6020224	0	0
DTXSID6020359	0	0
DTXSID6020307	0	0
DTXSID6020278	0	0
DTXSID6020430	0	0
DTXSID6020511	0	1
DTXSID6020515	0	0
DTXSID6020561	0	0
DTXSID6020692	0	0
DTXSID6020856	0	0
DTXSID6021030	0	1
DTXSID6021240	0	0
DTXSID6021244	0	0
DTXSID6021248	0	0
DTXSID6021082	0	0
DTXSID6021032	0	0
DTXSID6021402	0	0
DTXSID6021793	1	1
DTXSID6021456	0	0
DTXSID6021907	0	0
DTXSID6021824	0	1
DTXSID6021872	0	0
DTXSID6021959	0	0
DTXSID6022187	0	0
DTXSID6022341	0	0
DTXSID6022391	1	1
DTXSID6022056	0	0
DTXSID6022345	0	1
DTXSID6022422	0	0
DTXSID6022472	0	0
DTXSID6022474	0	0
DTXSID6022927	0	0
DTXSID6023652	0	0
DTXSID6023999	0	0
DTXSID6024046	0	0
DTXSID6023868	0	0
DTXSID6024175	0	0
DTXSID6024204	0	0
DTXSID6024177	0	0
DTXSID6024254	0	0
DTXSID6024200	0	0
DTXSID6024048	0	0
DTXSID6024460	0	1
DTXSID6024337	0	0
DTXSID6024123	0	0
DTXSID6024624	0	0
DTXSID6024834	0	0
DTXSID6024836	0	0
DTXSID6024913	0	0
DTXSID6024888	0	0
DTXSID6024882	0	0
DTXSID6024917	0	0
DTXSID6025014	0	0
DTXSID6025010	0	0
DTXSID6025220	0	0
DTXSID6025226	0	0
DTXSID6025145	0	0
DTXSID6025143	0	0
DTXSID6025692	0	0
DTXSID6025355	0	0
DTXSID6025436	0	0
DTXSID6025486	0	0
DTXSID6026797	0	0
DTXSID6026799	0	0
DTXSID6026298	0	0
DTXSID6027050	0	0
DTXSID6027052	0	0
DTXSID6027131	0	0
DTXSID6027268	0	0
DTXSID6027218	0	0
DTXSID6027345	0	1
DTXSID6028022	0	1
DTXSID6032352	0	0
DTXSID6032354	0	0
DTXSID6031380	0	1
DTXSID6032431	0	0
DTXSID6032514	0	0
DTXSID6032641	0	0
DTXSID6032518	0	0
DTXSID6032645	0	0
DTXSID6032647	0	0
DTXSID6034186	0	0
DTXSID6032649	0	0
DTXSID6034265	0	0
DTXSID6034392	0	0
DTXSID6034764	0	0
DTXSID6034849	0	0
DTXSID6034928	0	0
DTXSID6034972	0	1
DTXSID6035152	0	0
DTXSID6036467	0	1
DTXSID6040371	0	0
DTXSID6040747	0	0
DTXSID6041210	0	0
DTXSID6040795	0	0
DTXSID6041424	0	0
DTXSID6041426	0	0
DTXSID6041472	0	0
DTXSID6041422	0	0
DTXSID6041682	0	1
DTXSID6041715	0	0
DTXSID6041719	0	0
DTXSID6042234	0	0
DTXSID6042074	0	1
DTXSID6042232	0	0
DTXSID6042490	0	0
DTXSID6042494	0	0
DTXSID6043709	0	0
DTXSID6042369	0	1
DTXSID6043915	0	0
DTXSID6044303	0	0
DTXSID6045400	0	0
DTXSID6047284	0	0
DTXSID6047313	0	0
DTXSID6047280	0	0
DTXSID6047286	0	0
DTXSID6047288	0	0
DTXSID6047282	0	0
DTXSID6047311	0	0
DTXSID6047319	0	0
DTXSID6047363	0	0
DTXSID6047315	0	0
DTXSID6047448	0	0
DTXSID6047369	0	0
DTXSID6048171	0	0
DTXSID6048206	0	0
DTXSID6048175	0	1
DTXSID6048200	0	0
DTXSID7020182	0	1
DTXSID7020348	0	0
DTXSID7020267	0	1
DTXSID7020479	0	0
DTXSID7020425	0	0
DTXSID7020685	0	0
DTXSID7020683	0	0
DTXSID7020710	0	0
DTXSID7020766	0	0
DTXSID7020764	0	0
DTXSID7020768	1	1
DTXSID7020970	0	0
DTXSID7020895	0	0
DTXSID7020972	0	0
DTXSID7021106	0	0
DTXSID7021152	1	1
DTXSID7021233	0	0
DTXSID7021100	0	0
DTXSID7021029	0	0
DTXSID7021239	0	0
DTXSID7021364	0	0
DTXSID7021237	0	1
DTXSID7021520	0	0
DTXSID7021788	0	1
DTXSID7021653	0	0
DTXSID7021815	0	0
DTXSID7021948	0	0
DTXSID7021869	0	0
DTXSID7021992	0	0
DTXSID7022043	0	0
DTXSID7022049	0	0
DTXSID7022253	0	0
DTXSID7022413	0	1
DTXSID7022411	1	0
DTXSID7022174	0	1
DTXSID7023645	0	0
DTXSID7024085	0	0
DTXSID7024035	0	0
DTXSID7024031	0	0
DTXSID7024087	0	0
DTXSID7024245	0	1
DTXSID7024112	0	0
DTXSID7024160	0	0
DTXSID7024299	0	0
DTXSID7024320	0	0
DTXSID7024241	0	0
DTXSID7024827	0	0
DTXSID7024873	0	0
DTXSID7024821	0	0
DTXSID7025003	0	0
DTXSID7024902	0	0
DTXSID7024538	1	0
DTXSID7024586	0	0
DTXSID7025217	0	0
DTXSID7025132	0	0
DTXSID7025502	0	0
DTXSID7025429	1	1
DTXSID7025427	0	0
DTXSID7025895	0	0
DTXSID7026102	0	0
DTXSID7026285	0	0
DTXSID7026156	0	0
DTXSID7026029	0	0
DTXSID7027041	0	0
DTXSID7026994	0	0
DTXSID7027047	0	0
DTXSID7026946	0	0
DTXSID7026811	0	0
DTXSID7027205	0	0
DTXSID7027540	0	0
DTXSID7027461	0	0
DTXSID7027833	0	0
DTXSID7027756	0	1
DTXSID7029110	0	0
DTXSID7029162	0	0
DTXSID7029241	1	0
DTXSID7029661	0	0
DTXSID7029871	0	0
DTXSID7029879	0	0
DTXSID7030307	0	0
DTXSID7030060	0	0
DTXSID7029904	0	0
DTXSID7030698	0	0
DTXSID7031248	0	0
DTXSID7032004	0	0
DTXSID7032345	0	0
DTXSID7032393	0	0
DTXSID7032551	0	0
DTXSID7032424	0	0
DTXSID7032553	0	0
DTXSID7032555	0	0
DTXSID7032630	0	0
DTXSID7032559	0	0
DTXSID7034252	0	0
DTXSID7034383	0	0
DTXSID7032638	0	0
DTXSID7032688	0	0
DTXSID7034549	0	0
DTXSID7034545	0	0
DTXSID7034674	0	0
DTXSID7035010	0	0
DTXSID7034961	0	0
DTXSID7034676	0	0
DTXSID7035272	0	0
DTXSID7037551	0	0
DTXSID7037185	0	0
DTXSID7037262	0	0
DTXSID7037717	1	1
DTXSID7038810	0	0
DTXSID7038864	1	0
DTXSID7040362	0	0
DTXSID7040360	0	0
DTXSID7040788	0	1
DTXSID7041097	0	0
DTXSID7041413	0	0
DTXSID7041544	0	1
DTXSID7041623	0	0
DTXSID7041675	0	0
DTXSID7041889	0	0
DTXSID7041962	0	0
DTXSID7042061	0	0
DTXSID7042198	0	0
DTXSID7042190	0	0
DTXSID7042356	0	0
DTXSID7044394	0	0
DTXSID7044390	0	0
DTXSID7044718	0	0
DTXSID7044928	0	0
DTXSID7047271	0	0
DTXSID7047277	0	0
DTXSID7047279	0	0
DTXSID7047304	0	0
DTXSID7047306	0	0
DTXSID7047308	0	0
DTXSID7047356	0	0
DTXSID7047358	0	0
DTXSID7047433	1	1
DTXSID7048166	0	0
DTXSID7048168	0	0
DTXSID8020040	0	0
DTXSID8020121	0	0
DTXSID8020123	0	0
DTXSID8020127	0	0
DTXSID8020337	0	1
DTXSID8020381	0	0
DTXSID8020541	0	0
DTXSID8020591	0	0
DTXSID8020466	0	0
DTXSID8020462	0	0
DTXSID8020628	0	0
DTXSID8020620	0	0
DTXSID8020759	0	0
DTXSID8020755	0	0
DTXSID8020913	0	0
DTXSID8020915	0	0
DTXSID8020961	0	0
DTXSID8020969	0	0
DTXSID8021195	0	0
DTXSID8021062	0	0
DTXSID8021224	0	0
DTXSID8021272	0	0
DTXSID8021519	0	0
DTXSID8021301	0	1
DTXSID8021777	0	1
DTXSID8021800	0	0
DTXSID8021771	0	1
DTXSID8021856	0	0
DTXSID8021808	0	0
DTXSID8022325	1	1
DTXSID8022111	0	0
DTXSID8022113	0	0
DTXSID8022292	0	0
DTXSID8022589	0	0
DTXSID8022377	1	1
DTXSID8022408	1	0
DTXSID8022828	0	0
DTXSID8023719	0	0
DTXSID8023846	0	0
DTXSID8023848	0	0
DTXSID8023890	0	0
DTXSID8023977	0	0
DTXSID8024072	0	0
DTXSID8023216	0	0
DTXSID8024105	0	0
DTXSID8024107	0	0
DTXSID8024109	0	0
DTXSID8023927	1	0
DTXSID8024234	0	0
DTXSID8024157	0	0
DTXSID8024151	0	0
DTXSID8024238	0	0
DTXSID8024159	0	0
DTXSID8024317	0	0
DTXSID8024280	0	0
DTXSID8024315	0	0
DTXSID8024652	0	0
DTXSID8024814	0	0
DTXSID8024523	0	0
DTXSID8024999	0	0
DTXSID8024993	0	0
DTXSID8025337	0	0
DTXSID8025886	0	0
DTXSID8025599	0	0
DTXSID8026228	0	0
DTXSID8026224	0	0
DTXSID8026307	0	0
DTXSID8026193	0	0
DTXSID8026513	0	0
DTXSID8026698	0	0
DTXSID8026488	0	0
DTXSID8026727	0	0
DTXSID8027032	0	0
DTXSID8027034	0	0
DTXSID8027036	0	0
DTXSID8027292	0	0
DTXSID8027454	0	0
DTXSID8027246	0	0
DTXSID8027581	0	0
DTXSID8027826	0	0
DTXSID8027793	0	0
DTXSID8029105	0	0
DTXSID8029157	0	0
DTXSID8032386	0	0
DTXSID8031865	0	0
DTXSID8031863	0	0
DTXSID8032548	0	0
DTXSID8032675	0	0
DTXSID8033562	0	0
DTXSID8034580	0	0
DTXSID8032673	0	0
DTXSID8034401	0	1
DTXSID8034586	0	0
DTXSID8034588	0	0
DTXSID8034324	0	1
DTXSID8034376	0	0
DTXSID8034665	0	0
DTXSID8034871	0	0
DTXSID8034877	0	0
DTXSID8035180	0	0
DTXSID8034956	0	0
DTXSID8035423	0	0
DTXSID8037754	0	0
DTXSID8037708	0	0
DTXSID8040222	0	0
DTXSID8040484	0	0
DTXSID8040721	0	0
DTXSID8041379	0	0
DTXSID8041298	0	0
DTXSID8041248	0	0
DTXSID8041610	0	0
DTXSID8042052	0	0
DTXSID8042189	0	0
DTXSID8041909	0	0
DTXSID8042399	0	0
DTXSID8042422	0	0
DTXSID8042507	0	0
DTXSID8042424	0	0
DTXSID8044593	0	0
DTXSID8045191	0	0
DTXSID8047264	0	0
DTXSID8047266	0	0
DTXSID8047268	0	0
DTXSID8047391	0	0
DTXSID8047341	0	0
DTXSID8047262	0	0
DTXSID8047347	0	0
DTXSID8047553	0	0
DTXSID8048521	0	0
DTXSID9020112	0	0
DTXSID9020114	0	0
DTXSID9020160	0	0
DTXSID9020087	0	0
DTXSID9020089	0	0
DTXSID9020168	0	0
DTXSID9020249	0	0
DTXSID9020295	0	0
DTXSID9020243	0	0
DTXSID9020247	0	1
DTXSID9020299	0	0
DTXSID9020374	0	1
DTXSID9020372	0	1
DTXSID9020409	0	0
DTXSID9020453	0	1
DTXSID9020407	0	1
DTXSID9020617	0	0
DTXSID9020582	0	0
DTXSID9020663	0	0
DTXSID9020740	0	0
DTXSID9020790	0	0
DTXSID9020792	0	0
DTXSID9020827	0	1
DTXSID9020877	0	0
DTXSID9021138	0	0
DTXSID9021217	0	0
DTXSID9021390	0	0
DTXSID9021348	0	0
DTXSID9021477	0	0
DTXSID9021639	0	0
DTXSID9021689	0	0
DTXSID9021847	0	0
DTXSID9021897	0	0
DTXSID9022360	0	1
DTXSID9022310	1	1
DTXSID9022100	0	1
DTXSID9022312	1	1
DTXSID9021976	0	0
DTXSID9022364	0	1
DTXSID9022366	1	1
DTXSID9022524	0	0
DTXSID9022607	0	0
DTXSID9022817	0	0
DTXSID9023380	1	1
DTXSID9023889	0	0
DTXSID9023881	0	0
DTXSID9024431	0	0
DTXSID9024063	0	0
DTXSID9024194	0	0
DTXSID9024065	0	0
DTXSID9023914	0	0
DTXSID9024489	0	0
DTXSID9024691	0	0
DTXSID9024930	0	0
DTXSID9025110	0	0
DTXSID9024986	0	0
DTXSID9025451	0	0
DTXSID9025796	0	0
DTXSID9026132	0	0
DTXSID9026261	0	0
DTXSID9026689	0	0
DTXSID9026922	0	0
DTXSID9026342	0	0
DTXSID9026500	0	0
DTXSID9027312	0	0
DTXSID9026974	1	0
DTXSID9027528	0	0
DTXSID9027522	0	0
DTXSID9029146	0	0
DTXSID9029221	0	0
DTXSID9029223	0	1
DTXSID9029649	0	0
DTXSID9032329	0	0
DTXSID9032113	0	0
DTXSID9032531	0	0
DTXSID9032327	0	0
DTXSID9032533	0	1
DTXSID9032537	0	0
DTXSID9032581	0	0
DTXSID9032535	0	0
DTXSID9032610	0	0
DTXSID9033058	0	0
DTXSID9034232	0	0
DTXSID9034282	0	0
DTXSID9034361	0	0
DTXSID9034365	0	0
DTXSID9034286	0	0
DTXSID9033923	0	0
DTXSID9034490	0	0
DTXSID9034492	0	0
DTXSID9034816	0	0
DTXSID9034818	0	0
DTXSID9034997	0	0
DTXSID9035175	0	0
DTXSID9034864	0	0
DTXSID9036515	0	1
DTXSID9037539	0	1
DTXSID9037749	0	0
DTXSID9036933	0	0
DTXSID9040342	0	0
DTXSID9041237	0	1
DTXSID9040710	0	0
DTXSID9040716	1	1
DTXSID9041289	0	0
DTXSID9041368	0	0
DTXSID9041491	0	0
DTXSID9041815	0	0
DTXSID9042209	0	0
DTXSID9042415	0	0
DTXSID9042382	0	0
DTXSID9044536	0	1
DTXSID9044538	0	0
DTXSID9044663	0	0
DTXSID9044742	0	0
DTXSID9044825	1	1
DTXSID9047205	0	0
DTXSID9047257	0	0
DTXSID9047259	0	0
DTXSID9047255	0	0
DTXSID9047251	0	0
DTXSID9047253	0	0
DTXSID9047334	0	0
DTXSID9047330	0	1
DTXSID9047338	0	0
DTXSID9047592	0	0
DTXSID9047540	1	1
DTXSID9047542	0	0
DTXSID9047594	0	0
DTXSID9047598	0	0
DTXSID9048192	0	0
DTXSID9048510	0	0
DTXSID9048190	0	0
DTXSID9048198	0	0
DTXSID9048196	0	0
DTXSID9048512	0	0
DTXSID9048514	0	0
DTXSID9048518	0	0
DTXSID9048516	0	0
