compound	response	smiles
DTXSID0020076	0	Nc1nc[nH]n1
DTXSID0020105	0	O=C1O[C@H]([C@@H](O)CO)C([O-])=C1O.[Na+]
DTXSID0020022	0	O=C(O)c1cc(Oc2ccc(C(F)(F)F)cc2Cl)ccc1[N+](=O)[O-]
DTXSID0020107	0	COC(=O)[C@H](Cc1ccccc1)NC(=O)[C@@H](N)CC(=O)O
DTXSID0020311	0	CN(C)C(=O)Nc1ccc(Cl)cc1
DTXSID0020232	0	Cn1c(=O)c2c(ncn2C)n(C)c1=O
DTXSID0020319	1	N#Cc1c(Cl)c(Cl)c(Cl)c(C#N)c1Cl
DTXSID0020446	0	CN(C)C(=O)Nc1ccc(Cl)c(Cl)c1
DTXSID0020494	0	COP(C)(=O)OC
DTXSID0020151	0	CC(=O)OCc1ccccc1
DTXSID0020286	0	Cc1ccc(N)cc1Cl
DTXSID0020442	0	O=C(O)COc1ccc(Cl)cc1Cl
DTXSID0020498	0	COC(=O)c1ccc(C(=O)OC)cc1
DTXSID0020440	0	CC(Oc1ccc(Cl)cc1Cl)C(=O)O
DTXSID0020523	0	O=[N+]([O-])c1ccc(O)c([N+](=O)[O-])c1
DTXSID0020529	0	Cc1ccc([N+](=O)[O-])cc1[N+](=O)[O-]
DTXSID0020573	1	C[C@]12CC[C@@H]3c4ccc(O)cc4CC[C@H]3[C@@H]1CC[C@@H]2O
DTXSID0020604	0	C1CC2OC2CC1C1CO1
DTXSID0020606	0	CCCCC(CC)COC(=O)CCCCC(=O)OCC(CC)CCCC
DTXSID0020575	0	C=CCc1ccc(OC)cc1
DTXSID0020652	0	Cc1ccc(C)c(OCCCC(C)(C)C(=O)O)c1
DTXSID0020654	0	CC(=O)OC/C=C(\C)CCC=C(C)C
DTXSID0020656	0	C=C1C[C@]23C[C@@]1(O)CC[C@H]2[C@@]12C=C[C@H](O)[C@@](C)(C(=O)O1)[C@H]2[C@@H]3C(=O)O
DTXSID0020737	0	c1ccc2[nH]ccc2c1
DTXSID0020814	0	C#C[C@]1(O)CC[C@H]2[C@@H]3CCc4cc(OC)ccc4[C@H]3CC[C@@]21C
DTXSID0020941	0	O=N[O-].[Na+]
DTXSID0020943	0	COc1ccc([N+](=O)[O-])cc1N
DTXSID0021123	0	CCC1(c2ccccc2)C(=O)N=C([O-])NC1=O.[Na+]
DTXSID0021094	0	Nc1ccc(Oc2ccc(N)cc2)cc1
DTXSID0021125	1	O=C1OC(c2ccc(O)cc2)(c2ccc(O)cc2)c2ccccc21
DTXSID0021206	0	CC(O)CO
DTXSID0021254	0	C=CCc1ccc2c(c1)OCO2
DTXSID0021256	0	O=C(O)c1cc(N=Nc2ccc(S(=O)(=O)Nc3ccccn3)cc2)ccc1O
DTXSID0021337	0	c1ccc2[nH]c(-c3cscn3)nc2c1
DTXSID0021385	1	O=C1c2ccccc2C(=O)N1SC(Cl)(Cl)Cl
DTXSID0021389	0	COP(=O)(OC)C(O)C(Cl)(Cl)Cl
DTXSID0021597	0	CCCCCCC=O
DTXSID0021460	0	C[C@H]1CCCC(=O)CCC/C=C/c2cc(O)cc(O)c2C(=O)O1
DTXSID0021414	1	CCCCC(CC)COP(=O)(OCC(CC)CCCC)OCC(CC)CCCC
DTXSID0021464	1	CN(C)C(=S)[S-].CN(C)C(=S)[S-].[Zn+2]
DTXSID0021888	0	CCCC(C)=O
DTXSID0021832	0	Cc1ccc(N(C)C)cc1
DTXSID0021834	0	O=[N+]([O-])c1ccc(O)cc1
DTXSID0021965	0	Clc1ccc(Cl)c(Cl)c1
DTXSID0021969	0	COc1cc(C=O)ccc1O
DTXSID0021961	0	O=C(c1ccccc1)c1ccccc1
DTXSID0022014	0	COc1ccc(OC)cc1
DTXSID0022353	1	Oc1ccc(-c2ccccc2)cc1Cl
DTXSID0022018	0	CCOP(=S)(OCC)SCCSCC
DTXSID0022480	0	CCc1cccc(O)c1
DTXSID0022436	0	CC(CCC(=O)O)(c1ccc(O)cc1)c1ccc(O)cc1
DTXSID0022519	0	Nc1nc(=O)c2nc(CNc3ccc(C(=O)N[C@@H](CCC(=O)O)C(=O)O)cc3)cnc2[nH]1
DTXSID0022777	1	Cc1ccc(-c2cc(C(F)(F)F)nn2-c2ccc(S(N)(=O)=O)cc2)cc1
DTXSID0023113	0	COc1ccccc1O
DTXSID0023296	1	CN(C)c1ccc2nc3ccc(N(C)C)cc3[s+]c2c1.[Cl-]
DTXSID0023745	0	O=C[C@H](O)[C@@H](O)[C@H](O)CO
DTXSID0023581	1	CCC(C)(C)C(=O)O[C@H]1C[C@@H](C)C=C2C=C[C@H](C)[C@H](CC[C@@H]3C[C@@H](O)CC(=O)O3)[C@H]21
DTXSID0023826	0	CC1(C)CC(N=C=O)CC(C)(CN=C=O)C1
DTXSID0023878	0	c1ccc2cc3ccccc3cc2c1
DTXSID0023901	0	CC(C)N1C(=O)c2ccccc2NS1(=O)=O
DTXSID0023907	0	c1ccc2c(c1)-c1cccc3c1c-2cc1ccccc13
DTXSID0023951	0	CC1=C(C(=O)Nc2ccccc2)SCCO1
DTXSID0024002	0	CC1(C)C(C(=O)OC(C#N)c2cccc(Oc3ccccc3)c2)C1(C)C
DTXSID0024052	0	CC1=C(C)S(=O)(=O)CCS1(=O)=O
DTXSID0024000	0	COC(=O)c1c(Cl)c(Cl)c(C(=O)OC)c(Cl)c1Cl
DTXSID0024266	0	CCN(CC)c1nc(C)cc(OP(=S)(OC)OC)n1
DTXSID0024216	0	Clc1cccc(C(Cl)(Cl)Cl)n1
DTXSID0024553	0	NC(=O)N=NC(N)=O
DTXSID0025363	0	O=C(O)CO
DTXSID0025101	1	CN(C)c1cccc(O)c1
DTXSID0025234	1	O=C1OC2(c3ccccc31)c1cc(Br)c([O-])c(Br)c1Oc1c2cc(Br)c([O-])c1Br.[Na+].[Na+]
DTXSID0025523	0	Cc1occc(=O)c1O
DTXSID0025816	0	O=C(O)C(=O)O
DTXSID0025864	0	CCOc1ccc(N)cc1
DTXSID0026171	0	*C.c1ccc2[nH]nnc2c1
DTXSID0026258	0	ClCCOP(OCCCl)OCCCl
DTXSID0026880	0	CC(=O)OCCOC(C)=O
DTXSID0026915	0	CCCCCCCCCCCO
DTXSID0026838	0	CCCCCCCCCCCCCC(=O)OC(C)C
DTXSID0026252	0	c1ccc(OP(Oc2ccccc2)Oc2ccccc2)cc1
DTXSID0027014	0	CCCCCCC(C)O
DTXSID0027191	0	C1=CCC=C1
DTXSID0027195	0	CCCCCCCCCCCCCCCC
DTXSID0026967	0	O=C(OCCOCCOC(=O)c1ccccc1)c1ccccc1
DTXSID0027222	0	CC1=CCC(=C(C)C)CC1
DTXSID0027270	0	CCCCCCCCCCCCCCCO
DTXSID0027640	0	O=C(O)CC(O)C(=O)O
DTXSID0027721	0	CC(C)(c1ccccc1)c1ccc(Nc2ccc(C(C)(C)c3ccccc3)cc2)cc1
DTXSID0028038	1	CCCCNC(=O)OCC#CI
DTXSID0027983	0	*C.*C.COCCOCCO
DTXSID0027856	0	*C.*C.OCCOCCO
DTXSID0027852	0	*Cl.Cc1ccccc1
DTXSID0029210	0	CCCC[Sn](Cl)(Cl)Cl
DTXSID0029133	0	CC(=O)c1ccc(O)cc1
DTXSID0029761	0	O.O.O=c1[n-]c(=O)n(Cl)c(=O)n1Cl.[Na+]
DTXSID0029262	1	CCc1cc(C(C)(C)C)c(O)c(C(C)(C)C)c1
DTXSID0029559	1	O=C1C(N(CO)C(=O)NCO)N(CO)C(=O)N1CO
DTXSID0032316	0	Cc1cc(O)cc(C)c1Cl
DTXSID0032493	0	CC(C)(C)C(O)C(Oc1ccc(Cl)cc1)n1cncn1
DTXSID0032497	0	O=C(O)COc1nc(Cl)c(Cl)cc1Cl
DTXSID0032520	0	CO/C=C(/C(=O)OC)c1ccccc1Oc1cc(Oc2ccccc2C#N)ncn1
DTXSID0032572	1	C#CCC1=C(C)C(OC(=O)C2C(C=C(C)C)C2(C)C)CC1=O
DTXSID0032578	1	CSC(C)=NOC(=O)N(C)SN(C)C(=O)ON=C(C)SC
DTXSID0032601	0	CC(C1CC1)C(O)(Cn1cncn1)c1ccc(Cl)cc1
DTXSID0032605	0	COC(=O)C(C)Oc1ccc(Oc2ccc(Cl)cc2Cl)cc1
DTXSID0032651	0	O=C(Nc1ccccc1)Nc1cnns1
DTXSID0032655	1	CC1(C)CCC(=Cc2ccc(Cl)cc2)C1(O)Cn1cncn1
DTXSID0034192	1	C[C@]12C=CC3=C4CCC(=O)C=C4CC[C@H]3[C@@H]1CC[C@@H]2O
DTXSID0034227	0	CCC(C)OC(=O)N1CCCCC1CCO
DTXSID0034300	0	C/C(=N\C#N)N(C)Cc1ccc(Cl)nc1
DTXSID0034229	0	CCCCCC1CCC(=O)O1
DTXSID0034223	1	CCc1nn(C)c(C(=O)NCc2ccc(C(C)(C)C)cc2)c1Cl
DTXSID0034518	0	CCOC(=O)Nc1cccc(OC(=O)Nc2ccccc2)c1
DTXSID0034695	1	S=C([S-])NCCNC(=S)[S-].S=C([S-])NCCNC(=S)[S-].[Mn+2].[Zn+2]
DTXSID0034803	0	COc1cnc(OC)n2nc(NS(=O)(=O)c3c(OCC(F)F)cccc3C(F)(F)F)nc12
DTXSID0034930	0	CCOP(=O)(SC(C)CC)N1CCSC1=O
DTXSID0034855	0	CCCCOC(=O)[C@@H](C)Oc1ccc(Oc2ccc(C(F)(F)F)cn2)cc1
DTXSID0035160	0	CC(=O)/C=C/C1C(C)=CCCC1(C)C
DTXSID0035748	1	Cl/C=C\C[N+]12CN3CN(CN(C3)C1)C2.[Cl-]
DTXSID0034722	0	Cc1c(C(=O)c2cnn(C)c2O)ccc(S(C)(=O)=O)c1C1=NOCC1
DTXSID0038700	0	COc1cc([N+](=O)[O-])ccc1N
DTXSID0037730	1	O=C(O)c1cc(O)c2ccccc2c1O
DTXSID0038881	0	O=S(=O)([O-])c1ccc(N=Nc2c(O)ccc3ccccc23)cc1.[Na+]
DTXSID0038887	1	O=C1OC2(c3ccc(O)cc3Oc3cc(O)ccc32)c2ccccc21
DTXSID0039223	0	CNC(=O)ON=CC(C)(C)SC
DTXSID0040701	0	CCOC(=O)CC(O)(CC(=O)OCC)C(=O)OCC
DTXSID0040707	0	CCCCCc1ccc(N)cc1
DTXSID0037495	0	CCNc1nc(N)nc(Cl)n1
DTXSID0041270	0	CC(=O)OCCC(C)CC(C)(C)C
DTXSID0041274	1	O=C1C=CC(=O)N1c1ccccc1
DTXSID0041357	1	CCCCC/C=C\C=C\C(=O)OCC
DTXSID0041141	1	CO[C@@H]1[C@H](OC(=O)NC(=O)CCl)CC[C@]2(CO2)[C@H]1[C@@]1(C)O[C@@H]1CC=C(C)C
DTXSID0041484	0	CC/C=C\CCOC(C)=O
DTXSID0041981	0	O=C(O)CF
DTXSID0041567	0	CCCCCC[C@@H](O)C/C=C\CCCCCCCC(=O)O
DTXSID0042086	1	CCCCCCCCCCCCN1CCCCCC1=O
DTXSID0041646	0	CC1=NN(c2cc(S(=O)(=O)[O-])ccc2Cl)C(=O)C1/N=N/c1ccccc1.[Na+]
DTXSID0042169	0	CCCCCCCCCCCCCOP(=O)(O)O
DTXSID0042038	0	CCCCCCCOC(=O)CCC
DTXSID0042167	0	O=C([O-])c1ccccc1C(=O)O.[K+]
DTXSID0042325	0	CCCc1ccc(OC)cc1
DTXSID0042400	0	CCCCCCCCCCCCCCCCOS(=O)(=O)[O-].[Na+]
DTXSID0042379	0	CO[Si](C)(C)OC
DTXSID0042406	0	COS(=O)(=O)[O-].[Na+]
DTXSID0042454	0	CCCCCCCCCCCCCC(=O)OCC(O)CO
DTXSID0044575	0	O=C(C(Cl)Cl)N1CCOC12CCCCC2
DTXSID0044571	0	CC(C)c1cccc(O)c1
DTXSID0044818	0	CCCCCCC(CO)CCCC
DTXSID0047167	0	CNC(C)=O
DTXSID0047246	1	CC(C)(C)c1cc(/C=C2\SC(=N)NC2=O)cc(C(C)(C)C)c1O.CS(=O)(=O)O
DTXSID0047248	0	Cc1cc2c3c(c1)C(c1ccccc1)=N[C@@H](NC(=O)c1ccncc1)C(=O)N3CC2
DTXSID0047290	1	CSc1ccc(Oc2ccc(S(N)(=O)=O)cc2CN(C)C)cc1C
DTXSID0047292	0	Cl.NCC1(Cc2noc(=O)[nH]2)CCCCC1
DTXSID0047371	1	NCc1cccc(C2CCN(C(=O)c3ccc(C#Cc4ccccc4F)o3)CC2)c1
DTXSID0047375	0	O=C(O)c1ccccc1-n1cc(C(=O)O)c(=O)c2cc(Nc3c(F)cc(F)cc3Cl)c(Cl)cc21
DTXSID0047377	1	CCOC(=O)O[C@H](C)OC(=O)c1ccc2c(c1)cc(C(=O)NC1CCN(C(C)C)CC1)n2Cc1cc(-c2ccc(Cl)s2)on1.Cl
DTXSID0047325	0	Cc1nc(-c2ccc3c(c2)CCN(CCC2CCC(NC(=O)/C=C/c4ccc(F)cc4)CC2)CC3)no1.Cl
DTXSID0047294	0	CC(C)c1nnc2ccc(-c3ocnc3-c3cc(F)ccc3F)cn12
DTXSID0047296	0	O=C(O)Cn1c(=O)n(Cc2ccc(Br)cc2F)c(=O)c2ccc(Cl)cc21
DTXSID0047327	0	CCn1nc(Cc2ccccc2)cc1C1CCN(C[C@H]2C[C@H](N(C)[C@@H](C(=O)O)C(C)C)C[C@@H]2c2cccc(F)c2)CC1
DTXSID0047379	1	CCN(Cc1cccnc1)C(=O)c1cccc(Cl)c1[C@]1(C)C(=O)N(Cc2ccc(OC)cc2OC)c2ccc(Cl)cc21.Cl
DTXSID0047535	0	CCCCCCOC(=O)CC(CC(=O)OCCCCCC)(OC(=O)CCC)C(=O)OCCCCCC
DTXSID0047533	0	CCCCCCCCOC(=O)c1ccc(C(=O)OCCCCCCCC)c(C(=O)OCCCCCCCC)c1
DTXSID0047539	0	O=C(OCCCCCCOC(=O)c1ccccc1)c1ccccc1
DTXSID0047537	0	CCCCCCCCOC(=O)CCCCCCCCC(=O)OCCCCCCCC
DTXSID0047456	0	O=C1OC(=O)C2C3C=CC(C3)C12
DTXSID0047741	0	c1ccc2c(c1)sc1ccccc12
DTXSID0047957	1	CCCCCCCCOC(=O)c1ccc(O)cc1
DTXSID0048181	0	CC(C)(C)c1ccc(N)cc1
DTXSID0048185	1	CN1CCc2cccc3c2[C@H]1Cc1ccc(O)c(O)c1-3.CN1CCc2cccc3c2[C@H]1Cc1ccc(O)c(O)c1-3.Cl.Cl.O
DTXSID0048187	0	CCC(C)(C)C1CCC(OC)CC1
DTXSID0048183	0	O=C1OC[C@H](Cc2cccc(O)c2)[C@H]1Cc1cccc(O)c1
DTXSID0048189	1	CCCCCCCCCCCCOC(=O)c1cc(O)c(O)c(O)c1
DTXSID0048210	0	O=C(Oc1ccccc1)c1ccccc1
DTXSID0048505	1	Cc1[nH]nc2c1N=C(c1ccccc1Cl)c1cc([N+](=O)[O-])ccc1N2
DTXSID0048507	0	Cl.Cn1c(=O)cc(Oc2ccc(F)cc2F)c2cnc(NCC(C)(C)O)nc21
DTXSID0048509	0	CCCN(C1CCN(C(=O)C2CCNCC2)CC1)[C@@H]1CCc2ccc(OC)cc2C1
DTXSID1020069	1	Cc1cc(N=Nc2ccccc2C)ccc1N
DTXSID1020194	0	OB(O)O
DTXSID1020140	0	O=C([O-])c1ccccc1.[Na+]
DTXSID1020148	0	ClC(Cl)(Cl)c1ccccc1
DTXSID1020190	0	O=C1C(=C2Nc3ccc(S(=O)(=O)[O-])cc3C2=O)Nc2ccc(S(=O)(=O)[O-])cc21.[Na+].[Na+]
DTXSID1020144	1	O=C(c1ccccc1)C(O)c1ccccc1
DTXSID1020350	0	COc1ccc(C)cc1N
DTXSID1020352	0	O=NN([O-])c1ccccc1.[NH4+]
DTXSID1020221	0	CC(C)(C)c1ccc(O)cc1
DTXSID1020354	0	N#CNC(=N)N
DTXSID1020431	0	Clc1ccc(Cl)cc1
DTXSID1020510	1	Cc1c2ccccc2c(C)c2c1ccc1ccccc12
DTXSID1020512	0	CN(C)C(=O)Cl
DTXSID1020516	0	CN(C)N
DTXSID1020647	0	O=Cc1ccco1
DTXSID1020439	0	Oc1ccc(Cl)cc1Cl
DTXSID1020485	1	COc1cc(-c2ccc(N)c(OC)c2)ccc1N.Cl.Cl
DTXSID1020770	1	O=C1C2(Cl)C3(Cl)C4(Cl)C(Cl)(Cl)C5(Cl)C3(Cl)C1(Cl)C5(Cl)C24Cl
DTXSID1020560	1	O=S1OCC2C(CO1)C1(Cl)C(Cl)=C(Cl)C2(Cl)C1(Cl)Cl
DTXSID1020699	1	CCCCCCc1ccc(O)cc1O
DTXSID1020805	0	CC(C)[C@@H]1CC[C@@H](C)C[C@H]1O
DTXSID1020807	0	Sc1nc2ccccc2s1
DTXSID1020855	0	COP(=S)(OC)Oc1ccc([N+](=O)[O-])cc1
DTXSID1020930	0	CN1CCC[C@H]1c1cccnc1
DTXSID1021031	1	O=Nc1ccc(Nc2ccccc2)cc1
DTXSID1021087	1	O=C1Nc2ccc(Cl)cc2C(c2ccccc2)=NC1O
DTXSID1020932	0	O=C(O)c1cccnc1
DTXSID1021243	1	CCNc1cc2[o+]c3cc(NCC)c(C)cc3c(-c3ccccc3C(=O)OCC)c2cc1C.[Cl-]
DTXSID1021160	0	Nc1c(Cl)c(Cl)nc(C(=O)O)c1Cl
DTXSID1021164	0	C1CNCCN1
DTXSID1021166	0	CCCCOCCOCCOCc1cc2c(cc1CCC)OCO2
DTXSID1021322	1	CCN(CC)C(=S)SSC(=S)N(CC)CC
DTXSID1021378	0	O=C(O)C(Cl)(Cl)Cl
DTXSID1021403	0	COP(=O)(OC)OC
DTXSID1021409	1	O[Sn](c1ccccc1)(c1ccccc1)c1ccccc1
DTXSID1021455	0	O=C([O-])c1[nH]n(-c2ccc(S(=O)(=O)[O-])cc2)c(=O)c1N=Nc1ccc(S(=O)(=O)[O-])cc1.[Na+].[Na+].[Na+]
DTXSID1021871	0	Oc1ccc(Cl)cc1
DTXSID1021798	0	c1ccc2ncccc2c1
DTXSID1021790	0	O=[N+]([O-])c1ccccc1O
DTXSID1021792	0	O=Cc1ccccc1O
DTXSID1021821	0	CCC(C)=NO
DTXSID1021877	0	OCCCl
DTXSID1021956	0	CCCCCCCCOC(=O)c1ccccc1C(=O)OCCCCCCCC
DTXSID1021952	1	O=P(Oc1ccccc1)(Oc1ccccc1)Oc1ccccc1
DTXSID1022053	1	Cc1cc([N+](=O)[O-])cc([N+](=O)[O-])c1O
DTXSID1022055	0	CC(=O)OC(C)(C)C
DTXSID1022396	0	O=c1cc(-c2ccccc2)oc2cc(O)cc(O)c12
DTXSID1022421	0	COc1ccc2[nH]cc(CCNC(C)=O)c2c1
DTXSID1022265	1	CCc1cccc(CC)c1N(COC)C(=O)CCl
DTXSID1022479	0	CCc1ccccc1O
DTXSID1022508	1	CCCCCCCCCCCCc1ccc(O)cc1
DTXSID1022267	0	CNC(=O)ON=C(C)SC
DTXSID1022394	0	COc1ccc(-c2coc3cc(O)cc(O)c3c2=O)cc1
DTXSID1023235	0	OC[C@@H](O)[C@@H](O)[C@H](O)[C@H](O)CO
DTXSID1023869	0	CCNc1nc(NC(C)C)nc(SC)n1
DTXSID1023819	0	Cc1cn([C@H]2C=C[C@@H](CO)O2)c(=O)[nH]c1=O
DTXSID1024045	0	CCOS(=O)(=O)OCC
DTXSID1023990	0	CCNc1nc(Cl)nc(NC(C)(C)C#N)n1
DTXSID1023998	0	CC1(C)C(C=C(Cl)Cl)C1C(=O)OC(C#N)c1cccc(Oc2ccccc2)c1
DTXSID1024049	0	O=C(NC(=O)c1c(F)cccc1F)Nc1ccc(Cl)cc1
DTXSID1023996	0	NC1CCCCC1
DTXSID1024091	0	CCCN(CCC)C(=O)SCC
DTXSID1024176	0	C=C(C)C#N
DTXSID1024209	1	COP(=O)(OC)OC(Br)C(Cl)(Cl)Br
DTXSID1024097	0	CCCCOCCO
DTXSID1024124	0	COC(=O)c1sccc1S(=O)(=O)NC(=O)Nc1nc(C)nc(OC)n1
DTXSID1024126	1	ClC1=C(Cl)[C@]2(Cl)[C@@H]3[C@@H](Cl)[C@H]4O[C@H]4[C@@H]3[C@@]1(Cl)C2(Cl)Cl
DTXSID1024255	0	COC(=O)Nc1cccc(OC(=O)Nc2cccc(C)c2)c1
DTXSID1024170	0	C[N+]1(C)CCCCC1.[Cl-]
DTXSID1024259	1	CCOP(=S)(OCC)SCn1c(=O)oc2cc(Cl)ccc21
DTXSID1024174	1	CCCCSP(=O)(SCCCC)SCCCC
DTXSID1024338	0	COC(=O)NC(=S)Nc1ccccc1NC(=S)NC(=O)OC
DTXSID1024598	0	O=C(OCc1ccccc1)c1ccccc1O
DTXSID1024704	0	Cc1ccc(C(C)(C)C)cc1
DTXSID1024621	0	COCCOCCOC
DTXSID1025148	0	Cc1cc(C)cc(O)c1
DTXSID1025017	1	CC(C)(OOC(C)(C)c1ccccc1)c1ccccc1
DTXSID1025271	0	CCNc1ccccc1
DTXSID1025300	0	CCCCC(CC)COP(=O)(Oc1ccccc1)Oc1ccccc1
DTXSID1025306	0	CC=C1CC2C=CC1C2
DTXSID1025726	0	Nc1ccccc1[N+](=O)[O-]
DTXSID1025805	1	CCCCCCCCn1sccc1=O
DTXSID1026035	0	[Na+].[S-]c1nc2ccccc2s1
DTXSID1026033	0	CCCCC(CC)COS(=O)(=O)[O-].[Na+]
DTXSID1026031	0	CCCCCCCCCCCCOS(=O)(=O)[O-].[Na+]
DTXSID1026118	0	c1ccc2c(c1)CCCC2
DTXSID1026164	0	Cc1ccccc1N
DTXSID1026081	1	CC(C)(c1cc(Br)c(O)c(Br)c1)c1cc(Br)c(O)c(Br)c1
DTXSID1025809	0	CCCCCCCC/C=C\CCCCCCCC(=O)O
DTXSID1025857	0	c1cnc2c(c1)ccc1cccnc12
DTXSID1026241	1	CC1CC(OC(=O)c2ccccc2O)CC(C)(C)C1
DTXSID1026792	0	Cc1cccc(N)c1
DTXSID1026665	0	N#Cc1cccnc1
DTXSID1026879	0	C1CCCNCC1
DTXSID1026900	1	CCCCCCCCCCCC[N+](C)(C)C.[Cl-]
DTXSID1027134	0	CCCCC(CC)COP(=O)(O)OCC(CC)CCCC
DTXSID1027184	0	C[Si]1(C)O[Si](C)(C)O[Si](C)(C)O[Si](C)(C)O[Si](C)(C)O1
DTXSID1026904	0	CCCCOCCOC(C)=O
DTXSID1026906	0	CCCCCCCCCCCCN(C)C
DTXSID1027390	0	*O.O=S(=O)(O)c1ccccc1
DTXSID1026908	0	CCCCCCOCCO
DTXSID1027429	0	OC1CCCCCCCCCCC1
DTXSID1027263	0	CCCCCOC(C)=O
DTXSID1027479	0	Cc1ccc(O)c(-n2nc3ccccc3n2)c1
DTXSID1027500	0	CCCOCCO
DTXSID1027550	0	O=C([O-])CCl.[Na+]
DTXSID1027633	0	CC(C)(C)c1cc(CCC(=O)OCC(COC(=O)CCc2cc(C(C)(C)C)c(O)c(C(C)(C)C)c2)(COC(=O)CCc2cc(C(C)(C)C)c(O)c(C(C)(C)C)c2)COC(=O)CCc2cc(C(C)(C)C)c(O)c(C(C)(C)C)c2)cc(C(C)(C)C)c1O
DTXSID1027926	1	*CCCCCCCCCCCC.Oc1ccccc1
DTXSID1027924	0	*C.*C.CCCCCCCCCOC(=O)CCCCC(=O)OCCCCCCCCC
DTXSID1027899	0	*C.*C.O=S(=O)([O-])c1ccccc1.[NH4+]
DTXSID1027635	0	CC(C)C(=O)OCC(C)(C)C(OC(=O)C(C)C)C(C)C
DTXSID1027920	0	CCCCN(CCCC)CCCCCCN(CCCC)CCCC
DTXSID1029124	0	Cc1cc(C)c(C)cc1C
DTXSID1029128	0	OCC1CCCO1
DTXSID1029170	0	CC(=O)C=C(C)C
DTXSID1029677	0	O=[Si]=O
DTXSID1032303	0	CCCC/C=C\CCCCCCCCCC=O
DTXSID1030606	0	CC1=CC(=O)[N-]S(=O)(=O)O1.[K+]
DTXSID1032355	0	CC1(C)CON(Cc2ccccc2Cl)C1=O
DTXSID1032309	0	CCCCOCCOC(=O)COc1ccc(Cl)cc1Cl
DTXSID1032511	0	CCN1CN(CC)CN(CC)C1
DTXSID1032513	0	Cc1cc(C)n(CO)n1
DTXSID1032519	1	CSC(=O)c1cccc2nnsc12
DTXSID1032359	0	Cc1cc(C2CC2)nc(Nc2ccccc2)n1
DTXSID1032482	1	CCOP(=S)(Oc1cnc(C(C)(C)C)nc1)OC(C)C
DTXSID1032484	0	COP(=S)(OC)Oc1ccc(Sc2ccc(OP(=S)(OC)OC)cc2)cc1
DTXSID1032488	0	COC(=O)c1c(C(F)F)nc(C(F)(F)F)c(C2=NCCS2)c1CC(C)C
DTXSID1032569	0	Cc1nc(N(C)C)nc(OC(=O)N(C)C)c1C
DTXSID1032640	0	CC(COc1ccc(Oc2ccccc2)cc1)Oc1ccccn1
DTXSID1032690	0	COC(=O)N(C(=O)N1CO[C@@]2(C(=O)OC)Cc3cc(Cl)ccc3C2=N1)c1ccc(OC(F)(F)F)cc1
DTXSID1032646	0	CCNS(=O)(=O)C(F)(F)C(F)(F)C(F)(F)C(F)(F)C(F)(F)C(F)(F)C(F)(F)C(F)(F)F
DTXSID1032648	1	COP(=O)(OC)O/C(=C\Cl)c1cc(Cl)c(Cl)cc1Cl
DTXSID1033161	0	CNC(=O)ON=CC(C)(C)S(C)=O
DTXSID1033371	0	OC1CCCC1
DTXSID1033664	1	C[C@]12CCC(=O)C=C1CC[C@@H]1[C@@H]2CC[C@@]2(C)[C@H]1CC[C@]2(C)O
DTXSID1034187	1	CC/C(=C(\c1ccccc1)c1ccc(OCCN(C)C)cc1)c1ccccc1
DTXSID1034503	1	CCCCOC(=O)[C@@H](C)Oc1ccc(Oc2ccc(C#N)cc2F)cc1
DTXSID1034181	1	Cl.O=C(c1ccc(OCCN2CCCCC2)cc1)c1c(-c2ccc(O)cc2)sc2cc(O)ccc12
DTXSID1034634	0	O=C(Nc1ccccc1)Nc1ccnc(Cl)c1
DTXSID1034260	0	CN(C)[C@@H]1C(O)=C(C(N)=O)C(=O)[C@@]2(O)C(O)=C3C(=O)c4c(O)cccc4[C@@](C)(O)[C@H]3[C@H](O)[C@@H]12
DTXSID1034210	1	CCCN(CCC)c1c([N+](=O)[O-])cc(C(F)(F)F)c(N)c1[N+](=O)[O-]
DTXSID1034212	0	CCCN(CC)CC1COC2(CCC(C(C)(C)C)CC2)O1
DTXSID1035288	1	C/C=C/C=C/CCCCCCCO
DTXSID1034929	0	Cc1cc(C)c(C2=C(OC(=O)CC(C)(C)C)C3(CCCC3)OC2=O)c(C)c1
DTXSID1034973	0	CCON=C(CC)C1=C(O)CC(c2c(C)cc(C)cc2C)CC1=O
DTXSID1037303	0	O=C(O)C(F)(F)C(F)(F)C(F)(F)C(F)(F)C(F)(F)C(F)(F)F
DTXSID1037565	0	Cc1ccccc1C(=O)Nc1cccc(OC(C)C)c1
DTXSID1038298	1	Oc1ccc2ccc3cccc4ccc1c2c34
DTXSID1038321	0	O=C(O)c1cccc(Oc2ccccc2)c1
DTXSID1038795	0	C[SiH](O[Si](C)(C)C)O[Si](C)(C)C
DTXSID1038666	1	CCOP(=O)(OCC)Oc1nc(Cl)c(Cl)cc1Cl
DTXSID1040110	0	CCOC(=O)CC
DTXSID1040112	0	CCCCCCC(=O)OCC
DTXSID1040372	1	Fc1ccc([C@@]2(Cn3cncn3)O[C@@H]2c2ccccc2Cl)cc1
DTXSID1040611	1	COCCOCCC[Si](C)(O[Si](C)(C)C)O[Si](C)(C)C
DTXSID1040742	0	C[C@]12C=CC(=O)C=C1CC[C@H]1[C@@H]3C[C@@H](O)[C@](O)(C(=O)CO)[C@@]3(C)C[C@H](O)[C@@]12F
DTXSID1040792	0	Cc1ncc(CO)c(CO)c1O.Cl
DTXSID1040794	0	O.O.O.O.[Na+].[O-]c1ccccc1-c1ccccc1
DTXSID1041184	0	C=C1CC[C@H]2C[C@@H]1C2(C)C
DTXSID1041188	1	CC(=Cc1ccccc1)[N+](=O)[O-]
DTXSID1041265	1	CCCCCCCCC(CO)CCCCCC
DTXSID1041425	0	CCC/C=C/C=O
DTXSID1041346	0	CCOC(=O)COc1ccc(Cl)cc1Cl
DTXSID1041421	0	COc1cc(OC)c2ccc(=O)oc2c1
DTXSID1041550	0	CC(C)=CCC[C@H](C)CCO
DTXSID1041639	0	Cc1ccc(S(=O)(=O)[O-])c(C)c1.[Na+]
DTXSID1041267	0	CCOCC(C)O
DTXSID1041847	0	CCCCOC(=O)CCCCCCCCC(=O)OCCCC
DTXSID1041891	0	c1ccc(Cc2ccccc2)cc1
DTXSID1041920	0	CCCCC(CC)COCCO
DTXSID1041970	0	CC12CCC(C1)C(C)(C)C2O
DTXSID1041978	0	O=C(NC(=O)c1c(F)cccc1F)Nc1ccc(Oc2ccc(C(F)(F)F)cc2Cl)cc1F
DTXSID1042154	1	CN(C)c1ccc(/N=N/c2ccccc2C(=O)O)cc1
DTXSID1042491	0	CCCCC[Si](OCC)(OCC)OCC
DTXSID1044435	0	CCN(CC)CCOC(=O)c1ccc(N)cc1.Cl
DTXSID1044487	1	CCCCCCCC[N+](C)(CCCCCCCC)CCCCCCCC.[Cl-]
DTXSID1044564	0	CN(C)CCCN(C)CCCN(C)C
DTXSID1044697	1	C#CC(O)C(CC)CCCC
DTXSID1044643	0	C[N+](C)(C)CC1CO1.[Cl-]
DTXSID1044693	0	O=C([O-])c1ccccc1.O=C([O-])c1ccccc1.[Mg+2]
DTXSID1046970	1	CC(C)c1cccc(C(C)C)c1N1C(=O)c2ccc(O)cc2C1=O
DTXSID1047281	1	CC(C)(O)c1ccc(CNC(=O)c2cccnc2Oc2ccc3nonc3c2)cc1
DTXSID1047283	1	CC[C@H]1CC[C@H](NCc2cc3c(cc2OC)[C@H]2C[C@H]2C(=O)N3C)[C@H](c2ccccc2)N1
DTXSID1047289	0	CCCOc1ccc(S(=O)(=O)N2CCN(CC)CC2)cc1-c1nc2c(CC)n(Cc3ccccn3)nc2c(=O)[nH]1
DTXSID1047310	1	Cc1oc(-c2ccccc2)nc1CCOc1ccc(C[C@H](Nc2ccccc2C(=O)c2ccccc2)C(=O)O)cc1
DTXSID1047316	1	CCCCN1C(=O)[C@@H]([C@H](O)C2CCCCC2)NC(=O)C12CCN(Cc1ccc(Oc3ccc(C(=O)O)cc3)cc1)CC2.Cl
DTXSID1047318	0	NC(=O)N(O)[C@@H]1COc2cc(OCc3ccccc3)ccc21
DTXSID1047285	0	O=C(N[C@H]1CN2CCC1CC2)c1ccc2c(c1)OCCO2
DTXSID1047287	0	COCc1nnc(-c2ccc[n+]([O-])c2)n1-c1c(Cl)c(Cl)cc2[nH]c(=O)c(=O)[nH]c12
DTXSID1047366	1	O=C(Nc1ccc2[nH]ccc2c1)c1cc2cc(F)ccc2n1Cc1cccc(F)c1
DTXSID1047360	1	CCOC(=O)COc1ccc2c(c1)CC(NCC(O)c1cccc(Cl)c1)CC2.Cl
DTXSID1047312	1	N#Cc1ccc(N(CC(N)=O)CC(F)(F)F)cc1C(F)(F)F
DTXSID1047362	0	CCOC(=O)[C@]1(c2ccccc2)Oc2ccccc2[C@@H]1N
DTXSID1047368	1	COc1cc(C(C)C)c2c(c1)S(=O)(=O)N(COc1cc(=O)n3cccc(OCCN4CCCCC4)c3n1)C2=O
DTXSID1047528	0	CCCCC(CC)COC(=O)CCCCC(=O)OCc1ccccc1
DTXSID1047576	0	CN1C(=O)CC[C@H]1c1cccnc1
DTXSID1047497	0	CCCCCCCCCCOC(=O)c1ccccc1C(=O)OCCCCCCCC
DTXSID1048170	1	CC(C)(C)c1csc(-c2cc3cc(OCc4ccccc4CC(=O)O)ccc3o2)n1
DTXSID1048172	1	O=C(O)/C=C/C(=O)O.O=C1c2ccccc2C(=O)N1CCc1noc(-c2ccc(CN3CCCCCC3)s2)n1
DTXSID1048174	1	Cc1oc2c(NC(=O)c3c(Cl)cccc3Cl)cccc2c1C(C)(C)O
DTXSID1048176	1	Cc1occc1C(=O)Nc1ccc(C(=O)N2CCC(F)(F)/C(=C\C(=O)N3CCC(N4CCCCC4)CC3)c3ccccc32)cc1.Cc1occc1C(=O)Nc1ccc(C(=O)N2CCC(F)(F)/C(=C\C(=O)N3CCC(N4CCCCC4)CC3)c3ccccc32)cc1.O=C(O)/C=C/C(=O)O
DTXSID1048203	0	CCC(=O)c1ccc(Cl)cc1
DTXSID1048178	0	CCCCc1nc2cccnc2n1Cc1ccc(-c2ccccc2-c2nnn[n-]2)cc1.[Na+]
DTXSID1048209	0	CC(C)(C)C(=O)c1ccccc1
DTXSID1048201	0	O=C(c1ccccc1)C1CCC1
DTXSID1048207	0	O=P(O)(Oc1ccccc1)Oc1ccccc1
DTXSID2020006	0	CC(=O)Nc1ccc(O)cc1
DTXSID2020137	0	Nc1ccc(-c2ccc(N)cc2)cc1
DTXSID2020212	1	Cc1ccc(O)c(C(C)(C)C)c1
DTXSID2020216	1	Cc1cc(C(C)(C)C)c(O)c(C(C)(C)C)c1
DTXSID2020262	0	Nc1cc(Cl)cc(C(=O)O)c1Cl
DTXSID2020189	0	CCN(Cc1cccc(S(=O)(=O)[O-])c1)c1ccc(C(=C2C=CC(=[N+](CC)Cc3cccc(S(=O)(=O)[O-])c3)C=C2)c2ccccc2S(=O)(=O)[O-])cc1.[Na+].[Na+]
DTXSID2020268	0	O=C(O)C1C(C(=O)O)C2(Cl)C(Cl)=C(Cl)C1(Cl)C2(Cl)Cl
DTXSID2020426	0	Nc1c(Cl)cc([N+](=O)[O-])cc1Cl
DTXSID2020347	1	CCOP(=S)(OCC)Oc1ccc2c(C)c(Cl)c(=O)oc2c1
DTXSID2020420	0	C#CC(C)(C)NC(=O)c1cc(Cl)cc(Cl)c1
DTXSID2020428	0	O=C(O)C(Cl)Cl
DTXSID2020634	0	O=c1[nH]cc(F)c(=O)[nH]1
DTXSID2020501	0	CCC(=O)C(CC(C)N(C)C)(c1ccccc1)c1ccccc1.Cl
DTXSID2020505	0	CN(C)CCO
DTXSID2020507	0	CN(C)c1ccccc1
DTXSID2020686	0	Cl[C@H]1[C@H](Cl)[C@@H](Cl)[C@@H](Cl)[C@H](Cl)[C@H]1Cl
DTXSID2020688	1	ClC1=C(Cl)C(Cl)(Cl)C(Cl)=C1Cl
DTXSID2020713	0	NS(=O)(=O)c1cc2c(cc1Cl)NCNS2(=O)=O
DTXSID2020890	0	Cc1cc(=O)[nH]c(=S)[nH]1
DTXSID2020894	0	CN(C)c1ccc(C(=O)c2ccc(N(C)C)cc2)cc1
DTXSID2020921	0	Nc1ccc2ccccc2c1
DTXSID2021026	0	CCCCN(CCCC)N=O
DTXSID2020929	0	NC(=O)c1cccnc1
DTXSID2021103	0	COc1c(Cl)c(Cl)c(Cl)c(Cl)c1Cl
DTXSID2021028	0	CCN(CC)N=O
DTXSID2021105	0	O=[N+]([O-])c1c(Cl)c(Cl)c(Cl)c(Cl)c1Cl
DTXSID2021238	0	Oc1cccc(O)c1
DTXSID2021151	0	Oc1ccccc1-c1ccccc1
DTXSID2021234	0	Cc1cc(C)c(S(=O)(=O)[O-])cc1N=Nc1cc(S(=O)(=O)[O-])c2ccccc2c1O.[Na+].[Na+]
DTXSID2021286	0	c1ccc(C2CO2)cc1
DTXSID2021288	0	OC[C@H]1O[C@@](CO)(O[C@H]2O[C@H](CO)[C@@H](O)[C@H](O)[C@H]2O)[C@@H](O)[C@@H]1O
DTXSID2021311	1	CC(C)(C)c1cc(C(C)(C)C)c(O)c(C(C)(C)C)c1
DTXSID2021440	0	C=CN1CCCC1=O
DTXSID2021575	0	CC(Cl)(Cl)C(=O)O
DTXSID2021600	0	CCCCCCC(=O)O
DTXSID2021602	0	CCCCCCCCCCCCCCCC(=O)O
DTXSID2021739	0	CCCO
DTXSID2021735	0	CS(C)=O
DTXSID2021781	0	CCCCOC(=O)c1ccccc1C(=O)OCCCC
DTXSID2021866	0	CCCCOC(=O)CCCCC(=O)OCCCC
DTXSID2021864	0	Cc1ccc(O)c(C)c1
DTXSID2021941	0	CCOCCOCCO
DTXSID2021943	0	CCCCCCCCCC(C)=O
DTXSID2021947	0	CCCCCCCCCCCCCO
DTXSID2021997	0	NCCN1CCNCC1
DTXSID2022048	0	O=c1cc(-c2ccccc2)oc2ccccc12
DTXSID2021995	0	CCN(CC)C(=O)c1cccc(C)c1
DTXSID2021993	0	c1ccc2c(c1)oc1ccccc12
DTXSID2022123	0	C=CC(=O)OCCO
DTXSID2022254	0	CCOP(=S)(OCC)SCSC(C)(C)C
DTXSID2022331	0	CCC(C)c1ccccc1O
DTXSID2022179	0	Clc1nc(Cl)c(Cl)c(Cl)c1Cl
DTXSID2022381	0	CC[C@H](c1ccc(O)cc1)[C@@H](CC)c1ccc(O)cc1
DTXSID2022171	1	CCCCCCCCCCN
DTXSID2022628	0	CC(C)NCC(O)COc1ccc(CC(N)=O)cc1
DTXSID2022678	1	CC(O)(CS(=O)(=O)c1ccc(F)cc1)C(=O)Nc1ccc(C#N)c(C(F)(F)F)c1
DTXSID2023193	0	OC[C@H]1O[C@@H](O[C@H]2[C@H](O)[C@@H](O)[C@H](O)O[C@@H]2CO)[C@H](O)[C@@H](O)[C@H]1O
DTXSID2023430	0	O=[N+]([O-])OCC(CO[N+](=O)[O-])(CO[N+](=O)[O-])CO[N+](=O)[O-]
DTXSID2023723	0	NC(CO)(CO)CO
DTXSID2024086	0	CCOP(=S)(OCC)SCSP(=S)(OCC)OCC
DTXSID2024242	0	CC(C)(C)[C@H](O)[C@H](Cc1ccc(Cl)cc1)n1cncn1
DTXSID2024163	0	CON(C)C(=O)Nc1ccc(Cl)c(Cl)c1
DTXSID2024664	0	CCCC=NO
DTXSID2024666	0	OCCCCO
DTXSID2025135	0	Cc1ccc([N+](=O)[O-])c(C)c1
DTXSID2024793	0	COc1cc(Cl)c(OC)cc1Cl
DTXSID2024955	0	CC(C)(C)OOC(C)(C)C
DTXSID2025050	0	NCCNCCN
DTXSID2025133	0	Cc1ccc([N+](=O)[O-])cc1C
DTXSID2025216	0	*C=C.C=Cc1ccccc1
DTXSID2025347	0	OCc1ccco1
DTXSID2025395	0	C[Si](C)(C)N[Si](C)(C)C
DTXSID2025478	0	CC(=O)OC(C)C
DTXSID2025505	0	CCCCC/C=C\C/C=C\CCCCCCCC(=O)O
DTXSID2025680	0	CCCCC(CC)COC(=O)c1ccccc1C(=O)O
DTXSID2025688	0	C1COCCN1
DTXSID2026238	0	CN(C)C
DTXSID2026446	0	CCCCOC(=O)CC(CC(=O)OCCCC)(OC(C)=O)C(=O)OCCCC
DTXSID2025892	1	c1ccc(Nc2cccc3ccccc23)cc1
DTXSID2026496	1	CC(=O)OC(C)(C)C1CC=C(C)CC1
DTXSID2026523	0	O=c1n(Cl)c(=O)n(Cl)c(=O)n1Cl
DTXSID2026602	1	CC(C)(C)c1ccc(O)c(C(C)(C)C)c1
DTXSID2026525	0	CC(C)(C)c1ccccc1O
DTXSID2026529	0	Cc1ccc(C(C)(C)C)c(O)c1
DTXSID2026781	0	CC(C)CC(C)O
DTXSID2026789	0	CC1COC(=O)O1
DTXSID2026997	0	COc1ccc(C=O)cc1
DTXSID2026864	0	CCCCCCCC(=O)OC
DTXSID2026943	0	OCC(CO)(CO)CO
DTXSID2027200	0	c1cc(-c2ccncc2)ccn1
DTXSID2027204	0	CN=C=S
DTXSID2027094	1	CCCCC(CC)COC(=O)/C=C\C(=O)OCC(CC)CCCC
DTXSID2027466	0	O=C(OCC1CCC2OC2C1)C1CCC2OC2C1
DTXSID2027414	0	CC1(C)Cc2cccc(O)c2O1
DTXSID2027258	0	CC(C)OC=O
DTXSID2027333	0	CCO[Si](CCCN)(OCC)OCC
DTXSID2027412	0	CCCCOCCOCCOCCOCCO
DTXSID2027593	0	Clc1ccc(C(Cl)(Cl)Cl)cc1
DTXSID2029167	0	CNC(=S)[S-].[Na+]
DTXSID2029290	0	CC1=CC[C@H]2C[C@@H]1C2(C)C
DTXSID2029298	0	CCCCCCCCCCCCOCCOS(=O)(=O)[O-].[Na+]
DTXSID2029325	0	CCCCCC1C(=O)CCC1CC(=O)OC
DTXSID2029612	0	C=C(C)C1CC=C(C)CC1
DTXSID2029616	0	c1c[nH]cn1
DTXSID2029246	0	CCCCCCCC[Si](OCC)(OCC)OCC
DTXSID2029874	1	CC(C)OC(=O)C(C)(C)Oc1ccc(C(=O)c2ccc(Cl)cc2)cc1
DTXSID2032348	0	O=C1c2ccccc2C(=O)C1C(=O)C(c1ccccc1)c1ccc(Cl)cc1
DTXSID2032390	1	OC(c1ccc(Cl)cc1)(c1cncnc1)c1ccccc1Cl
DTXSID2032344	0	CCOP(=S)(OCC)OC(Cl)C(Cl)(Cl)Cl
DTXSID2032550	0	Cc1nn(C)c(Oc2ccccc2)c1C=NOCc1ccc(C(=O)OC(C)(C)C)cc1
DTXSID2032552	0	CC(C)N(C(=O)COc1nnc(C(F)(F)F)s1)c1ccc(F)cc1
DTXSID2032398	0	N#Cc1c[nH]cc1-c1cccc2c1OC(F)(F)O2
DTXSID2032392	0	CCOC(=O)C(C)Oc1ccc(Oc2nc3ccc(Cl)cc3o2)cc1
DTXSID2032554	0	CCCCCOC(=O)COc1cc(N2C(=O)C3=C(CCCC3)C2=O)c(F)cc1Cl
DTXSID2032639	0	CCCCCCCCSC(=O)Oc1cc(Cl)nnc1-c1ccccc1
DTXSID2032683	0	COC(=O)C=C(C)OP(=O)(OC)OC
DTXSID2032556	0	COC(=O)CSc1cc(N=c2sc(=O)n3n2CCCC3)c(F)cc1Cl
DTXSID2032637	0	CC1=NNC(=O)N(/N=C/c2cccnc2)C1
DTXSID2032558	0	CO/N=C(/C(=O)OC)c1ccccc1COc1ccccc1C
DTXSID2032500	1	CCCOC/C(=N\c1ccc(Cl)cc1C(F)(F)F)n1ccnc1
DTXSID2034465	0	CN/C(=N\[N+](=O)[O-])NCc1cnc(Cl)s1
DTXSID2034598	0	CCOC(=O)[C@@H](C)Oc1ccc(Oc2nc3ccc(Cl)cc3o2)cc1
DTXSID2034625	0	CO/N=C(/C1=NOCCO1)c1ccccc1Oc1ncnc(Oc2ccccc2Cl)c1F
DTXSID2034590	0	CSC1=N[C@@](C)(c2ccccc2)C(=O)N1Nc1ccccc1
DTXSID2034673	0	COC(=O)c1ccc(I)cc1S(=O)(=O)[N-]C(=O)Nc1nc(C)nc(OC)n1.[Na+]
DTXSID2034700	0	Cc1cc(Cl)ccc1OCC(=O)[O-].[Na+]
DTXSID2034962	0	CN1COCN(Cc2cnc(Cl)s2)C1=N[N+](=O)[O-]
DTXSID2034627	0	Nc1c(Cl)c(F)nc(OCC(=O)O)c1Cl
DTXSID2034881	1	Fc1ccc(Oc2ccnc3cc(Cl)cc(Cl)c23)cc1
DTXSID2036112	1	CCCCCCCCC=CCCCCCCCC1=NCCN1CCO
DTXSID2036299	0	CCCCCCCCN(C)C
DTXSID2036588	1	CCCCCCCCCc1ccc(OCCO)cc1
DTXSID2037712	1	CC(c1ccc(O)cc1)(c1ccc(O)cc1)c1ccc(O)cc1
DTXSID2038732	0	CCOC(=O)CCC(=O)OCC
DTXSID2038788	0	O=C(O)C1CCC(C(=O)O)CC1
DTXSID2037714	1	CCCCCCCc1ccc(O)cc1
DTXSID2040363	1	CC(C)(C)C(O)/C(=C\c1ccc(Cl)cc1Cl)n1cncn1
DTXSID2040151	0	O=C(NCNC(=O)NC1C(=O)NC(=O)N1CO)NC1C(=O)NC(=O)N1CO
DTXSID2039336	1	C=CCC1=C(C)[C@@H](OC(=O)[C@@H]2[C@@H](C=C(C)C)C2(C)C)CC1=O
DTXSID2040731	0	CC(C)OC(=O)c1ccccc1C(=O)OC(C)C
DTXSID2040361	0	CNC(=S)[S-].O.O.O.[Na+]
DTXSID2041252	1	Nc1ccc(N)c2c1C(=O)c1ccccc1C2=O
DTXSID2041208	0	CCCCCCCCCCO[C@@H]1O[C@H](CO)[C@@H](O)[C@H](O)[C@H]1O
DTXSID2041250	0	CC(C)Nc1ccc(NC(C)C)c2c1C(=O)c1ccccc1C2=O
DTXSID2041125	0	[I-].[Na+]
DTXSID2041200	0	CC(CN=Cc1ccccc1O)N=Cc1ccccc1O
DTXSID2041389	0	CC(=O)c1ccc2ccccc2c1
DTXSID2041709	0	Cc1cc(S(=O)(=O)[O-])ccc1N=Nc1c(O)ccc2ccccc12.[Na+]
DTXSID2042276	0	CCOc1ccccc1O
DTXSID2042436	0	COc1cc(O)c(C(=O)c2ccccc2)cc1S(=O)(=O)O
DTXSID2042060	0	CC1(C)[C@@H]2CC[C@@]1(C)[C@H](O)C2
DTXSID2042062	0	CCC(=O)O[C@H]1C[C@@H]2CC[C@@]1(C)C2(C)C
DTXSID2042191	0	CNC(=S)NC
DTXSID2044391	0	CC(C)c1ccccc1O
DTXSID2044553	0	Cc1ccccc1S(=O)(=O)[O-].[Na+]
DTXSID2044713	0	Nc1ccc2cc(S(=O)(=O)[O-])cc(O)c2c1N=Nc1ccccc1C(F)(F)F.[Na+]
DTXSID2045232	0	O=C(O)Cc1cc(I)c(Oc2ccc(O)c(I)c2)c(I)c1
DTXSID2047270	0	O=c1[nH]c2ccc(S(=O)CCN3CCC(Cc4ccc(F)cc4)CC3)cc2o1
DTXSID2047272	0	CS(=O)(=O)O.Cc1nccn1-c1ccc(Sc2cccc(C3(C(N)=O)CCOCC3)c2)cc1
DTXSID2047274	0	CC(Cc1ccc(OCC(=O)O)cc1)NCC(O)c1csc(C(F)(F)F)n1
DTXSID2047301	0	CC(C)(O)c1coc(S(=O)(=O)NC(=O)Nc2c3c(cc4c2CCC4)CCC3)c1
DTXSID2047303	0	NC(=O)N(O)[C@@H]1C=C[C@H](Oc2cccc(Oc3ccc(F)cc3)c2)C1
DTXSID2047276	0	CNCc1ccc(NC(=O)c2c[nH]c3c2C(=O)CCC3)cc1
DTXSID2047305	0	CNC(=O)[C@H]1O[C@@H](n2cnc3c(NCc4cc(Cl)ccc4OCc4cc(C)no4)ncnc32)[C@H](O)[C@@H]1N
DTXSID2047307	0	Cc1oc(-c2ccccc2)nc1CCOc1cccc2c1ccn2CCC(=O)O
DTXSID2047278	0	CC(C)(O)c1ccc(CNC(=O)c2cccnc2Oc2ccc(F)cc2)cc1
DTXSID2047309	0	Cc1c(-c2cccnc2)c2ccccc2n1CCCCC(=O)O
DTXSID2047351	1	COc1ccc2cc(S(=O)(=O)N[C@H](CC(=O)N[C@H](Cc3ccc(CN4[C@H](C)CCC[C@@H]4C)cc3)C(=O)N(C)C(C)C)c3ccc4c(c3)OCO4)ccc2c1.Cl
DTXSID2047359	0	O=C(Oc1ccc(Br)cc1)N1CCN2CCC1CC2
DTXSID2047357	1	CCc1c(C(=O)NN2CCCCC2)nn(-c2ccc(Cl)cc2Cl)c1-c1ccc(Br)cc1
DTXSID2047355	1	NC(=O)Cn1c(=O)cc(CCN2CCN(c3nccc4sccc34)CC2)c2ccc(F)cc21
DTXSID2047353	1	CN(C)C(=O)C1(N2CCCCC2)CCN(CC[C@@]2(c3ccc(Cl)c(Cl)c3)CN(C(=O)c3ccccc3)CCO2)CC1.Cl
DTXSID2047565	0	FC(F)(F)C(F)(F)C(F)(F)C(F)(F)C(F)(F)C(F)(F)CCI
DTXSID2048167	0	CC/C(=C\C(=N/O)C(N)=O)C(C)[N+](=O)[O-]
DTXSID3020091	0	Cl.Nc1ccccc1
DTXSID3020043	0	NC(=O)NC1NC(=O)NC1=O
DTXSID3020093	0	COc1ccc(N)cc1.Cl
DTXSID3020047	0	C=CCN=C=S
DTXSID3020122	0	COP(=S)(OC)SCn1nnc2ccccc2c1=O
DTXSID3020205	0	CCCCOC(=O)c1ccccc1C(=O)OCc1ccccc1
DTXSID3020209	0	CCCCOC(=O)c1ccc(O)cc1
DTXSID3020207	1	CCC(C)c1cc([N+](=O)[O-])cc([N+](=O)[O-])c1O
DTXSID3020332	0	O=C(O)CC(O)(CC(=O)O)C(=O)O
DTXSID3020257	0	Oc1ccccc1O
DTXSID3020336	0	CCOC(=O)C(C)(C)Oc1ccc(Cl)cc1
DTXSID3020415	0	BrCCBr
DTXSID3020465	1	CC/C(=C(/CC)c1ccc(O)cc1)c1ccc(O)cc1
DTXSID3020627	0	OC(Cn1cncn1)(Cn1cncn1)c1ccc(F)cc1F
DTXSID3020621	0	CC(C)[C@@H](C(=O)O[C@@H](C#N)c1cccc(Oc2ccccc2)c1)c1ccc(Cl)cc1
DTXSID3020673	0	CCN(Cc1cccc(S(=O)(=O)[O-])c1)c1ccc(C(=C2C=CC(=[N+](CC)Cc3cccc(S(=O)(=O)[O-])c3)C=C2)c2ccc(O)cc2S(=O)(=O)[O-])cc1.[Na+].[Na+]
DTXSID3020625	0	CC(C)(C)NC(=O)[C@H]1CC[C@H]2[C@@H]3CC[C@H]4NC(=O)C=C[C@]4(C)[C@H]3CC[C@]12C
DTXSID3020679	1	ClC1=C(Cl)C2(Cl)C3C(Cl)C=CC3C1(Cl)C2(Cl)Cl
DTXSID3020887	0	Cc1ccc2ncccc2c1
DTXSID3020889	0	C=Cc1ccc(C)cc1
DTXSID3020916	0	Nc1cccc2c(N)cccc12
DTXSID3020910	0	CS(=O)(=O)OCCCCOS(C)(=O)=O
DTXSID3020964	0	O=[N+]([O-])c1ccccc1
DTXSID3020966	0	O=C(O)c1ccc([N+](=O)[O-])cc1
DTXSID3021196	0	CC(C)Nc1nc(Cl)nc(NC(C)C)n1
DTXSID3021356	0	CC(=O)Oc1c(C)c(C)c2c(c1C)CC[C@@](C)(CCC[C@H](C)CCC[C@H](C)CCCC(C)C)O2
DTXSID3021277	0	C/C=C/C=C/C(=O)O
DTXSID3021358	0	Cc1ccc(S(=O)(=O)NC(=O)NN2CCCCCC2)cc1
DTXSID3021483	0	O=CCc1ccccc1
DTXSID3021485	0	O=C(O)c1cccc(C(=O)O)c1
DTXSID3021641	0	CCCCCCCCC(=O)O
DTXSID3021645	0	CCCCCCCC(=O)O
DTXSID3021518	0	O=C(O)/C=C/C(=O)O
DTXSID3021643	0	CCCCCCCC=O
DTXSID3021853	0	OCCN1CCNCC1
DTXSID3021726	0	NC(=O)c1ccccc1O
DTXSID3021770	1	CC(C)(c1cc(Cl)c(O)c(Cl)c1)c1cc(Cl)c(O)c(Cl)c1
DTXSID3021774	0	c1cc2c3c(cccc3c1)CC2
DTXSID3021932	0	OCCNCCO
DTXSID3021936	0	N#CCCCCC#N
DTXSID3021980	0	CCCCCC(=O)OCC
DTXSID3021984	1	CCCCCCCCCCCCN
DTXSID3021986	0	CCCCOP(=O)(OCCCC)OCCCC
DTXSID3022320	1	C(=C(c1ccccc1)c1ccccc1)c1ccccc1
DTXSID3022247	0	C=CC(C)(O)CCC=C(C)CCC=C(C)C
DTXSID3022162	0	N#Cc1cc(Br)c(O)c(Br)c1
DTXSID3022370	1	CC(=O)[C@H]1CC[C@H]2[C@@H]3CCC4=CC(=O)CC[C@]4(C)[C@H]3CC[C@]12C
DTXSID3022405	0	COc1ccc(C(=O)c2ccccc2)c(O)c1
DTXSID3022536	1	CC(C)(c1ccccc1)c1ccc(O)cc1
DTXSID3022409	0	O=S(=O)(c1ccc(O)cc1)c1ccc(O)cc1
DTXSID3022455	0	COC(=O)c1ccccc1C(=O)OC
DTXSID3022588	0	Nc1nc(N)c2nc(CNc3ccc(C(=O)N[C@@H](CCC(=O)O)C(=O)O)cc3)cnc2n1
DTXSID3023845	0	C1=Cc2cccc3cccc1c23
DTXSID3023897	0	CC(C)(C)C(=O)C(Oc1ccc(Cl)cc1)n1cncn1
DTXSID3023556	1	CC1=C(/C=C/C(C)=C/C=C/C(C)=C/CO)C(C)(C)CCC1
DTXSID3024154	0	CC(C)NC(=O)N1CC(=O)N(c2cc(Cl)cc(Cl)c2)C1=O
DTXSID3024152	0	CC(C)C1(C)N=C(c2nc3ccccc3cc2C(=O)O)NC1=O
DTXSID3024104	1	c1ccc2c(c1)-c1cccc3cccc-2c13
DTXSID3024239	1	CC(C)Oc1cc(-n2nc(C(C)(C)C)oc2=O)c(Cl)cc1Cl
DTXSID3023899	1	CCCCN(CC)c1c([N+](=O)[O-])cc(C(F)(F)F)cc1[N+](=O)[O-]
DTXSID3024287	0	CCc1cnc(C2=NC(C)(C(C)C)C(=O)N2)c(C(=O)O)c1
DTXSID3024102	0	CCOP(=O)(NC(C)C)Oc1ccc(SC)c(C)c1
DTXSID3024235	1	C[Si](Cn1cncn1)(c1ccc(F)cc1)c1ccc(F)cc1
DTXSID3024289	0	c1cc2ccc3cccc4ccc(c1)c2c34
DTXSID3024368	0	CCOCCOCCOCCO
DTXSID3024316	0	CNC(=O)N(C)c1nnc(C(C)(C)C)s1
DTXSID3024869	1	CC(C)(OO)c1ccccc1
DTXSID3024657	0	OCCCBr
DTXSID3024940	0	N#CC(Br)Br
DTXSID3024944	1	N#CCCC(Br)(C#N)CBr
DTXSID3024994	0	O=c1[n-]c(=O)n(Cl)c(=O)n1Cl.[Na+]
DTXSID3025049	0	COCCOCCO
DTXSID3025178	1	N=C(Nc1ccccc1)Nc1ccccc1
DTXSID3025091	0	COc1cc(-c2ccc(N)c(OC)c2)ccc1N
DTXSID3025122	0	COC(=O)CCCC(=O)OC
DTXSID3025881	0	Nc1ccccc1N
DTXSID3025469	0	CC(C)CCO
DTXSID3026223	0	CC(=O)OCCOCCOCCOC(C)=O
DTXSID3026302	0	*C.*C.O=S(=O)(O)c1ccccc1
DTXSID3026065	0	CCN(CC)c1ccc(C(=C2C=CC(=[N+](CC)CC)C=C2)c2ccc(S(=O)(=O)[O-])cc2S(=O)(=O)[O-])cc1.[Na+]
DTXSID3026566	0	COC(=O)C1CCC(C(=O)OC)CC1
DTXSID3026641	0	O=C(Cl)c1cccc(C(=O)Cl)c1
DTXSID3026564	0	CCCCC(CC)C(=O)OCCOCCOCCOC(=O)C(CC)CCCC
DTXSID3026514	0	O=C1NC(=O)c2ccccc21
DTXSID3026726	0	CC(C)=CCCC(C)CCO
DTXSID3026645	0	Cc1ccc(C(C)C)cc1
DTXSID3026691	0	CC(=O)OCC(COC(C)=O)OC(C)=O
DTXSID3026647	0	O=C(O)c1ccc(O)cc1
DTXSID3026728	0	CC(C)=CCC/C(C)=C\CO
DTXSID3026697	0	CCCCC(CC)COC(=O)CCCCCCCC(=O)OCC(CC)CCCC
DTXSID3027320	0	O=[N+]([O-])c1ccc([O-])cc1.[Na+]
DTXSID3027403	1	CCCC[Sn](Cl)(CCCC)CCCC
DTXSID3029289	0	CCC12COCN1COC2
DTXSID3029154	0	O=C1CCCC1
DTXSID3029572	0	CC1COc2ccccc2N1C(=O)C(Cl)Cl
DTXSID3029653	0	N#C[S-].[NH4+]
DTXSID3032412	0	*C.COC(=O)c1ccccc1C1=NC(=O)C(C)(C(C)C)N1
DTXSID3032416	0	CSc1nc(NC2CC2)nc(NC(C)(C)C)n1
DTXSID3031860	0	O=C(O)C(F)(F)C(F)(F)C(F)(F)C(F)(F)C(F)(F)C(F)(F)C(F)(F)C(F)(F)C(F)(F)F
DTXSID3031862	0	O=C(O)C(F)(F)C(F)(F)C(F)(F)C(F)(F)C(F)(F)F
DTXSID3032464	0	CCCSP(=O)(OCC)Oc1ccc(Br)cc1Cl
DTXSID3032337	1	CCC(C)Nc1c([N+](=O)[O-])cc(C(C)(C)C)cc1[N+](=O)[O-]
DTXSID3031864	0	O=S(=O)(O)C(F)(F)C(F)(F)C(F)(F)C(F)(F)C(F)(F)C(F)(F)C(F)(F)C(F)(F)F
DTXSID3032389	1	CC(C)=CCCC(C)=CCCC(C)=CCO
DTXSID3032547	0	CCOc1nc(C(Cl)(Cl)Cl)ns1
DTXSID3032549	0	CC1(C(=O)Nc2ccc(O)c(Cl)c2Cl)CCCCC1
DTXSID3032591	0	CC1(C)C(=O)N(Cl)C(=O)N1Br
DTXSID3032620	0	O=C(NC(=O)c1c(F)cccc1F)Nc1cc(Cl)c(OC(F)(F)C(F)F)c(Cl)c1
DTXSID3032628	0	COc1cccc(C(=O)NN(C(=O)c2cc(C)cc(C)c2)C(C)(C)C)c1C
DTXSID3034165	1	CC1(C)NC(=O)N(c2ccc([N+](=O)[O-])c(C(F)(F)F)c2)C1=O
DTXSID3034402	1	CCCCOCN(C(=O)CCl)c1c(CC)cccc1CC
DTXSID3034456	0	Cc1ccccc1CO[C@@H]1C[C@@]2(C(C)C)CC[C@]1(C)O2
DTXSID3034531	0	CCOC(=O)NC(=S)Nc1ccccc1NC(=S)NC(=O)OCC
DTXSID3034612	0	CCCCOC(=O)C(C)Oc1ccc(Oc2ccc(C(F)(F)F)cn2)cc1
DTXSID3034614	0	COc1nn(C(=O)[N-]S(=O)(=O)c2ccccc2OC(F)(F)F)c(=O)n1C.[Na+]
DTXSID3034618	0	CCOC(=O)COc1cc(-n2ncc(C(F)(F)F)c(C)c2=O)c(F)cc1Cl
DTXSID3034583	0	CCOC(=O)Cc1cccc2ccccc12
DTXSID3034664	0	COCc1cnc(C2=NC(C)(C(C)C)C(=O)N2)c(C(=O)O)c1
DTXSID3035341	0	CC1(C)C(=O)N(Br)C(=O)N1Br
DTXSID3036105	0	CC(=O)OC1CCCCC1C(C)(C)C
DTXSID3034872	0	Nc1cnn(-c2ccccc2)c(=O)c1Cl
DTXSID3035214	0	C=CC(O)CCCCC
DTXSID3036286	0	CC(C)=CCCC(C)=CC#N
DTXSID3036288	0	CCCCCCCCCCC(CO)CCCCCCCC
DTXSID3036496	1	C#C[C@]1(O)CC[C@H]2[C@@H]3CCC4=CC(=O)CC[C@@H]4[C@H]3CC[C@@]21CC
DTXSID3037094	1	CCC(=C(c1ccc(O)cc1)c1ccc(OCCN(C)C)cc1)c1ccccc1
DTXSID3037208	0	O=C([O-])Cc1ccccc1Nc1c(Cl)cccc1Cl.[Na+]
DTXSID3037541	0	O=S1(=O)OCC2C(CO1)C1(Cl)C(Cl)=C(Cl)C2(Cl)C1(Cl)Cl
DTXSID3037709	0	O=S(=O)([O-])C(F)(F)C(F)(F)C(F)(F)C(F)(F)C(F)(F)C(F)(F)F.[K+]
DTXSID3037707	0	O=S(=O)([O-])C(F)(F)C(F)(F)C(F)(F)C(F)(F)F.[K+]
DTXSID3038696	0	CCOC(=O)c1ccccc1
DTXSID3038939	1	NS(=O)(=O)C(F)(F)C(F)(F)C(F)(F)C(F)(F)C(F)(F)C(F)(F)C(F)(F)C(F)(F)F
DTXSID3038808	0	C=C[Si]1(C)O[Si](C)(C=C)O[Si](C)(C=C)O[Si](C)(C=C)O1
DTXSID3040722	0	OC1CCC(C2CCCCC2)CC1
DTXSID3041293	0	CN(C)Cc1ccccc1O
DTXSID3041247	0	O=C(CC(=O)c1ccccc1)c1ccccc1
DTXSID3041299	0	CCCCCCC1(C)CCC(=O)O1
DTXSID3040776	0	O.O.O=c1c(O)c(-c2ccc(O)cc2O)oc2cc(O)cc(O)c12
DTXSID3041376	1	CCCCCCCCCCCCCN1CC(C)OC(C)C1
DTXSID3041409	1	O=C(CCl)Nc1ccccc1
DTXSID3041611	0	CCCCCCCCCCCCCCCC(=O)OC[C@H](O)[C@H]1OC(=O)C(O)=C1O
DTXSID3041530	0	CCCCC(CC)CCC(CC(C)C)OS(=O)(=O)[O-].[Na+]
DTXSID3041877	0	CC(=O)OC(C)(C)Cc1ccccc1
DTXSID3041790	0	CC(C)=CCCC(C)CC=O
DTXSID3041794	0	CCCCCC(C)OC(=O)COc1ccc(Cl)c2cccnc12
DTXSID3041663	0	O=C(C=Cc1ccccc1)OCc1ccccc1
DTXSID3041661	1	N#Cc1ccccc1O
DTXSID3041954	0	CCCCCC(=O)CC
DTXSID3042059	0	CCCC(=O)OCCC(C)C
DTXSID3042130	1	c1ccc([Hg]c2ccccc2)cc1
DTXSID3042390	0	[Na+].[O-][n+]1ccccc1[S-]
DTXSID3042394	0	O=S(=O)([O-])c1cccc2ccccc12.[Na+]
DTXSID3042219	0	CCCc1ccccc1
DTXSID3042423	0	CC(=O)OC[C@H]1O[C@@](COC(C)=O)(O[C@H]2O[C@H](COC(C)=O)[C@@H](OC(C)=O)[C@H](OC(C)=O)[C@H]2OC(C)=O)[C@@H](OC(C)=O)[C@@H]1OC(C)=O
DTXSID3044203	0	CCc1ccc(CCOc2ccc(CC3SC(=O)NC3=O)cc2)nc1.Cl
DTXSID3044833	0	CCC(=O)OC(C)(C)C1CC=C(C)CC1
DTXSID3047138	0	CC(C)(C)c1ccccc1
DTXSID3047263	0	CCn1nc(C)c2c1C(=O)NCC(c1ccc(O)cc1)=N2
DTXSID3047348	1	O=C(N[C@@H](c1ccccc1)[C@@H]1CCCCN1)c1cccc(C(F)(F)F)c1Cl
DTXSID3047261	0	CC[C@H](C)[C@@H](C(=O)O)n1sc2ccccc2c1=O
DTXSID3047265	0	O=C(O)CCN(C1(C(=O)NO)CCCC1)S(=O)(=O)c1ccc(Oc2ccc(F)cc2)cc1
DTXSID3047267	0	Cc1nc(C)nc(N2C[C@@H](C)N(c3ccnc([C@@H](C)O)n3)[C@@H](C)C2)n1
DTXSID3047342	1	COc1cccc(-c2ccc(/C=C\CN3CCCCCC3)cc2Cl)c1.Cl
DTXSID3047344	0	CC(C)c1ccc(C(=O)N=C(N)N)cc1S(C)(=O)=O.CS(=O)(=O)O
DTXSID3047346	0	N#C[C@@H]1CC(F)(F)CN1C(=O)CNC1CC2CCC(C1)N2c1ncccn1
DTXSID3047425	0	CCCCc1ccc(O)cc1
DTXSID3047429	0	C[C@@H]1C[C@H]2[C@@H]3CCC4=CC(=O)C=C[C@]4(C)[C@@]3(F)[C@@H](O)C[C@]2(C)[C@@]1(O)C(=O)COP(=O)([O-])[O-].[Na+].[Na+]
DTXSID3047558	0	C=C(C)C(=O)OCCC(F)(F)C(F)(F)C(F)(F)C(F)(F)C(F)(F)C(F)(F)F
DTXSID3047633	0	CCCCCCCC/C=C\CCCCCCCC(=O)OCC
DTXSID3048522	1	CCN(CC)C(=O)c1cc(S(=O)(=O)Cc2ccccc2)c(N2CCC(c3ccccc3)CC2)cc1N(CC)CCN(C)C.O=C(O)C(F)(F)F
DTXSID3048520	0	CS(=O)(=O)c1ccc([C@@H](C[C@H]2CCC(=O)C2)C(=O)Nc2cnccn2)cc1Cl
DTXSID4020161	0	c1ccc(-c2ccccc2)cc1
DTXSID4020242	1	O=C1C2CC=CCC2C(=O)N1SC(Cl)(Cl)C(Cl)Cl
DTXSID4020290	0	Cc1cccc(Nc2cc(Cl)nc(SCC(=O)O)n2)c1C
DTXSID4020240	0	O=C1CCCCCN1
DTXSID4020119	1	Cn1cnc([N+](=O)[O-])c1Sc1ncnc2nc[nH]c12
DTXSID4020371	0	Nc1ccc(S(=O)(=O)c2ccc(N)cc2)cc1
DTXSID4020292	0	O=CCCl
DTXSID4020373	1	Clc1ccc(C(c2ccc(Cl)cc2)C(Cl)Cl)cc1
DTXSID4020450	1	OC(c1ccc(Cl)cc1)(c1ccc(Cl)cc1)C(Cl)(Cl)Cl
DTXSID4020375	1	Clc1ccc(C(c2ccc(Cl)cc2)C(Cl)(Cl)Cl)cc1
DTXSID4020458	1	CCOP(=S)(OCC)Oc1nc(Cl)c(Cl)cc1Cl
DTXSID4020537	0	CN(C)CCOC(c1ccccc1)c1ccccc1.Cl
DTXSID4020379	1	C[C@]12CC[C@H](O)CC1=CC[C@@H]1[C@@H]2CC[C@]2(C)C(=O)CC[C@@H]12
DTXSID4020664	0	OCC(O)CCl
DTXSID4020402	0	Cc1ccc(N)cc1N
DTXSID4020616	0	CC12CCC(CC1)C(C)(C)O2
DTXSID4020666	0	OCC1CO1
DTXSID4020618	0	Cl.N#Cc1ccc(C2CCCc3cncn32)cc1
DTXSID4020791	0	CCOC(=O)CC(SP(=S)(OC)OC)C(=O)OCC
DTXSID4020828	0	COc1ccc(O)cc1
DTXSID4020820	0	Cn1cc[nH]c1=S
DTXSID4020822	0	CN(Cc1cnc2nc(N)nc(N)c2n1)c1ccc(C(=O)N[C@@H](CCC(=O)O)C(=O)O)cc1
DTXSID4020959	0	Cc1ccc([N+](=O)[O-])cc1N
DTXSID4020870	1	Cc1cc(Cc2cc(C)cc(C(C)(C)C)c2O)c(O)c(C(C)(C)C)c1
DTXSID4021006	0	CN(N=O)C(N)=O
DTXSID4021135	1	Oc1ccc2ccccc2c1N=Nc1ccccc1
DTXSID4021137	0	Nc1cccc(N)c1
DTXSID4021393	0	OCCOCCOCCO
DTXSID4021185	0	C[C@]12C=CC(=O)C=C1CC[C@@H]1[C@@H]2C(=O)C[C@@]2(C)[C@H]1CC[C@]2(O)C(=O)CO
DTXSID4021395	0	CCCN(CCC)c1c([N+](=O)[O-])cc(C(F)(F)F)cc1[N+](=O)[O-]
DTXSID4021218	0	O=c1c(O)c(-c2ccc(O)c(O)c2)oc2cc(O)cc(O)c12
DTXSID4021268	0	CCNc1nc(Cl)nc(NCC)n1
DTXSID4021391	0	*C.*C.*C.O=P(Oc1ccccc1)(Oc1ccccc1)Oc1ccccc1
DTXSID4021426	0	NC(N)=O
DTXSID4021717	0	Cc1cc(O)ccc1Cl
DTXSID4021553	0	CCCCCCCCCC=O
DTXSID4021921	0	OCC#CCO
DTXSID4021842	0	ON=C1CCCCC1
DTXSID4021894	0	OC1CCCCC1
DTXSID4022109	0	CCCCCCC1CCC(=O)O1
DTXSID4021977	0	CCc1ccc(O)cc1
DTXSID4021975	0	c1ccc(Nc2ccccc2)cc1
DTXSID4021848	0	CCNc1cccc(C)c1
DTXSID4022153	1	CCCC[Sn](CCCC)(CCCC)CCCC
DTXSID4022020	0	CCC(C)n1c(=O)[nH]c(C)c(Br)c1=O
DTXSID4022288	0	CCCCCCOc1ccc(N)cc1
DTXSID4022361	1	C=CC1(C)OC(=O)N(c2cc(Cl)cc(Cl)c2)C1=O
DTXSID4022442	1	CCC(C)(c1ccc(O)cc1)c1ccc(O)cc1
DTXSID4022446	0	Oc1ccccc1Cc1ccccc1O
DTXSID4022448	0	CCc1cccc(C)c1N(C(=O)CCl)C(C)COC
DTXSID4022523	1	CCCCCCCOC(=O)c1ccc(O)cc1
DTXSID4022525	1	CCCCC(CC)COC(=O)c1ccc(O)cc1
DTXSID4022731	0	NC(=O)N1c2ccccc2C=Cc2ccccc21
DTXSID4022527	0	CCCOC(=O)c1ccc(O)cc1
DTXSID4022529	0	COC(=O)c1ccc(O)cc1
DTXSID4022367	1	C[C@]12CC[C@@H]3c4ccc(O)cc4CC[C@H]3[C@@H]1CCC2=O
DTXSID4022369	0	C[C@]12CC[C@@H]3c4ccc(O)cc4C[C@@H](CCCCCCCCCS(=O)CCCC(F)(F)C(F)(F)F)[C@H]3[C@@H]1CC[C@@H]2O
DTXSID4022991	0	CC[C@H]1OC(=O)[C@H](C)[C@@H](O[C@H]2C[C@@](C)(OC)[C@@H](O)[C@H](C)O2)[C@H](C)[C@@H](O[C@@H]2O[C@H](C)C[C@H](N(C)C)[C@H]2O)[C@](C)(O)C[C@@H](C)C(=O)[C@H](C)[C@@H](O)[C@]1(C)O
DTXSID4023202	0	N#Cc1ccc(C(c2ccc(C#N)cc2)n2cncn2)cc1
DTXSID4023541	0	Cc1ncc(CO)c(CO)c1O
DTXSID4023412	0	CN(C)[C@@H]1C(O)=C(C(N)=O)C(=O)[C@@]2(O)C(O)=C3C(=O)c4c(O)cccc4[C@@](C)(O)[C@H]3[C@H](O)C12.O.O
DTXSID4024143	0	O=C=NCCCCCCN=C=O
DTXSID4024193	0	Cc1cc(Cl)ccc1OCCCC(=O)O
DTXSID4024018	0	COc1c(Cl)ccc(Cl)c1C(=O)O
DTXSID4024062	0	Cc1ccc(O)cc1C
DTXSID4024195	0	Cc1cc(Cl)ccc1OCC(=O)O
DTXSID4024066	1	O=[N+]([O-])c1ccccc1[N+](=O)[O-]
DTXSID4024145	1	CN(C)c1nc(=O)n(C2CCCCC2)c(=O)n1C
DTXSID4024274	1	CC(C)N(C(=O)CCl)c1ccccc1
DTXSID4024272	0	CSc1nc(NC(C)C)nc(NC(C)C)n1
DTXSID4024276	1	C#CCOS(=O)OC1CCCCC1Oc1ccc(C(C)(C)C)cc1
DTXSID4024436	0	COc1cc(S(=O)(=O)[O-])c(C)cc1N=Nc1c(O)ccc2cc(S(=O)(=O)[O-])ccc12.[Na+].[Na+]
DTXSID4024270	1	CCCN(CCOc1c(Cl)cc(Cl)cc1Cl)C(=O)n1ccnc1
DTXSID4024359	1	Oc1cc(Cl)c(Cl)cc1Cl
DTXSID4024721	0	CC1(C)[C@@H]2CC[C@@]1(C)C(=O)C2
DTXSID4024729	1	COC(=O)Nc1nc2ccccc2[nH]1
DTXSID4024985	0	CC1(C)C(=O)N(Cl)C(=O)N1Cl
DTXSID4025080	0	CC(C)CC(=O)CC(C)C
DTXSID4025296	0	CCCC=C(C=O)CC
DTXSID4025662	1	CC(=O)C=Cc1ccccc1
DTXSID4025292	0	CCCC(O)C(CC)CO
DTXSID4025612	0	CC(C#N)CCC#N
DTXSID4026183	0	CCCCN(CCCC)CCCC
DTXSID4026214	1	O=C(Nc1ccc(Cl)cc1)Nc1ccc(Cl)c(Cl)c1
DTXSID4025791	0	Cc1ccccc1[N+](=O)[O-]
DTXSID4026262	1	O=c1n(CC2CO2)c(=O)n(CC2CO2)c(=O)n1CC1CO1
DTXSID4026501	0	CC1=CCC2CC1C2(C)C
DTXSID4026684	0	CCCCCCC(C=O)=Cc1ccccc1
DTXSID4026769	0	C[Si](C)(C)O[Si](C)(C)C
DTXSID4026842	0	CCCCCCCCCC(=O)OC
DTXSID4027072	0	[Na+].[O-]c1ccccc1
DTXSID4027076	0	CCCCCCCCCCCCOS(=O)(=O)O.OCCN(CCO)CCO
DTXSID4027153	0	Fc1ccc(Br)cc1
DTXSID4027236	0	Cc1cccc([N+](=O)[O-])c1[N+](=O)[O-]
DTXSID4027282	0	ClP(Cl)c1ccccc1
DTXSID4027367	0	C=CCCCCCCCCCCCC
DTXSID4027494	0	Cc1cccc(N)c1N
DTXSID4027525	0	CCCCC(CC)C(=O)[O-].[K+]
DTXSID4027527	1	BrC1CCC(Br)C(Br)CCC(Br)C(Br)CCC1Br
DTXSID4027496	0	O=C([O-])COc1ccc(Cl)cc1Cl.[Na+]
DTXSID4027608	0	CCNc1nc(Cl)nc(NC(C)(C)C)n1
DTXSID4027656	0	CCCCC(CC)COC(=O)CS
DTXSID4027650	0	C=CC[N+](C)(C)CC=C.[Cl-]
DTXSID4027991	0	CCCCCCCCCCCCCCCCO
DTXSID4029145	0	COC(=O)CC(=O)OC
DTXSID4029353	1	CC(=O)C1=C(C)[C@@H]2C[C@@]3(C1)[C@H](C)CC[C@H]3C2(C)C
DTXSID4029692	0	O=[N+]([O-])[O-].[K+]
DTXSID4029698	0	O=S(=O)([O-])OOS(=O)(=O)[O-].[Na+].[Na+]
DTXSID4027997	0	C=CCN(CC=C)C(=O)C(Cl)Cl
DTXSID4032405	0	CNC(=O)Oc1cccc(N=CN(C)C)c1.Cl
DTXSID4032459	0	CCOP(=S)(OCC)SCSCC
DTXSID4032372	1	CC1COC(Cn2cncn2)(c2ccc(Oc3ccc(Cl)cc3)cc2Cl)O1
DTXSID4032376	0	COCC(C)N(C(=O)CCl)c1c(C)csc1C
DTXSID4032611	0	CCCSP(=O)(OCC)SCCC
DTXSID4032580	0	CO/N=C(/C(=O)OC)c1ccccc1CO/N=C(\C)c1cccc(C(F)(F)F)c1
DTXSID4032532	0	CCOC(=O)C(Cl)Cc1cc(-n2nc(C)n(C(F)F)c2=O)c(F)cc1Cl
DTXSID4032613	1	COP(=S)(OC)Oc1ccc([N+](=O)[O-])c(C)c1
DTXSID4032615	0	Cc1ccn2nc(S(=O)(=O)Nc3c(F)cccc3F)nc2n1
DTXSID4032619	0	CC(C)(C)N(NC(=O)c1ccc(Cl)cc1)C(=O)c1ccccc1
DTXSID4034497	1	CC1(C)CCC(Cc2ccc(Cl)cc2)C1(O)Cn1cncn1
DTXSID4032667	0	CC(C)[C@H](C(=O)O[C@H](C#N)c1cccc(Oc2ccccc2)c1)c1ccc(Cl)cc1
DTXSID4034528	0	CCOc1nc(F)cc2nc(S(=O)(=O)Nc3c(Cl)cccc3Cl)nn12
DTXSID4034150	0	O=C(CCCN1CCC(O)(c2ccc(Cl)cc2)CC1)c1ccc(F)cc1
DTXSID4034287	0	CCCCCCCC1CCC(=O)O1
DTXSID4034576	0	O=C(CBr)c1ccc(O)cc1
DTXSID4034601	1	CC(Cc1ccc(C(C)(C)C)cc1)CN1C[C@@H](C)O[C@@H](C)C1
DTXSID4034609	1	N#Cc1nn(-c2c(Cl)cc(C(F)(F)F)cc2Cl)c(N)c1S(=O)C(F)(F)F
DTXSID4035708	1	*C.CC(C)(C)CC(C)(C)c1ccc(OCCOCC[N+](C)(C)Cc2ccccc2)cc1.[Cl-]
DTXSID4034948	0	CCc1ccc(C(=O)NN(C(=O)c2cc(C)cc(C)c2)C(C)(C)C)cc1
DTXSID4034653	1	CCCCC(O)(Cn1cncn1)c1ccc(Cl)cc1Cl
DTXSID4036229	0	CCCCCCCCCCOS(=O)(=O)[O-].[Na+]
DTXSID4036435	0	CCCCCCCCN1CCCC1=O
DTXSID4040343	0	O=C(CBr)OCc1ccccc1
DTXSID4038924	0	CCCCCCOC(=O)c1ccccc1O
DTXSID4040713	1	CCCCCCCCOC(=O)c1cc(O)c(O)c(O)c1
DTXSID4040002	0	CCCCOC(=O)c1ccccc1C(=O)O
DTXSID4040711	0	CCOC(=O)c1ccccc1C
DTXSID4041232	0	CC(C)c1cc(C(C)C)cc(C(C)C)c1
DTXSID4041521	0	NCCCN1CCOCC1
DTXSID4041492	0	CCCC(CC)c1ccccc1
DTXSID4041440	0	CCC(C)COC(=O)CC(C)C
DTXSID4041442	0	O=S(=O)([O-])c1ccc2ccccc2c1.[Na+]
DTXSID4041604	0	CCCCCOC(=O)CCC
DTXSID4042094	0	CC(C)=CCC[C@](C)(O)[C@@H]1CC=C(C)CC1
DTXSID4042096	0	OC[C@@H](O)[C@H](O)[C@@H](O)[C@@H](O)CO
DTXSID4042121	0	CC#Cc1cc(C)nc(Nc2ccccc2)n1
DTXSID4041818	0	CCC(C)C1CCCCC1=O
DTXSID4042171	0	CCCCCCCCCCCCN1CCOCC1
DTXSID4042206	1	CCCCCCCCCCCCN1CCCC1=O
DTXSID4042416	1	CCCCCCCCCCCCCCOS(=O)(=O)[O-].[Na+]
DTXSID4042335	0	CCCCOC(=O)[C@H](C)O
DTXSID4042418	0	CCCCCCCCCCCCCOS(=O)(=O)[O-].[Na+]
DTXSID4044581	1	CCc1ccc(O)c(C(C)(C)C)c1
DTXSID4044901	0	C=CCOC(=O)c1ccc(C(=O)OCC=C)c(C(=O)OCC=C)c1
DTXSID4044828	0	C=CCCCCCCCCC(=O)OCC
DTXSID4047127	0	CCC(C)(C)C1CCC(=O)CC1
DTXSID4047254	0	CCOc1ccc2[nH]cc(C(=O)NCc3ccccc3)c(=O)c2n1
DTXSID4047258	0	CN(C(=O)Cc1cccc2occc12)[C@H]1CC[C@@]2(CCCO2)C[C@@H]1N1CCCC1
DTXSID4047331	0	CCCCc1ccc2c(n1)[C@@H](c1ccc(OC)cc1C[C@H](C)C(=O)[O-])[C@H](C(=O)[O-])[C@H]2c1ccc2c(c1)OCO2.[Na+].[Na+]
DTXSID4047333	1	Cc1ncc([C@@H](CCCCCCc2ccc3c(n2)NCCC3)CC(=O)O)cn1
DTXSID4047252	1	O=C(N[C@@H](Cc1ccccc1)[C@@H](O)C(=O)N1C[C@@H](O)[C@@H](O)C1)c1cc2cc(Cl)ccc2[nH]1
DTXSID4047335	0	CO[C@@H]1COCC[C@@H]1[NH2+][C@@H]1CC[C@@](C(=O)N2CCc3ncc(C(F)(F)F)cc3C2)(C(C)C)C1.O=C([O-])CCC(=O)O
DTXSID4047337	1	CCOc1cccc(-n2cc(C(=O)N3CCN(c4cc(C(=O)[O-])c5ccccc5c4)CC3)nc2-c2ccc(C)cc2)c1.[Na+]
DTXSID4047389	1	CCOC(=O)c1ccc([C@H]2CC[C@H](NC[C@H](O)COc3ccc(O)c(NS(C)(=O)=O)c3)CC2)cc1.Cl
DTXSID4047385	0	CC(=O)O.COCCOc1cc2cc(C(=O)NC3CCN(C(C)C)CC3)n(CC(=O)Nc3ccc(Cl)cn3)c2cn1
DTXSID4047387	1	CC(=O)NC1(c2cccc(F)c2)CCN(CC[C@@]2(c3ccc(Cl)c(Cl)c3)CN(c3ccccc3)C(=O)CO2)CC1.O=C(O)CCC(=O)O
DTXSID4047339	0	CN(C)C(=O)NC1(c2ccccc2)CCN(CC[C@@]2(c3ccc(F)c(F)c3)CN(C(=O)c3ccccc3)CCO2)CC1.Cl
DTXSID4047383	0	O=C([O-])c1ccc2c(c1)nc(C(=O)NC1CCN(C3CC3)CC1)n2Cc1cc(-c2ccc(Cl)s2)on1.[Na+]
DTXSID4047628	1	C1CCC(SSC2CCCCC2)CC1
DTXSID4047882	0	O=C(Oc1ccccc1)c1ccc(O)cc1
DTXSID4048511	1	COc1cc(C(=O)NC2CCN(C)CC2)ccc1Nc1ncc2c(n1)N(C1CCCC1)CC(F)(F)C(=O)N2C
DTXSID4048191	1	CCc1cc(Cc2cc(CC)c(N)c(CC)c2)cc(CC)c1N
DTXSID4048519	1	CN1C(=O)N(c2ccccc2Br)Cc2cnc(Nc3ccc4c(c3)OCC(CO)O4)nc21
DTXSID4048513	1	Cc1cc(F)ccc1-c1cc(N2CC[C@@H](O)[C@H]2CO)ncc1N(C)C(=O)C(C)(C)c1cc(C(F)(F)F)cc(C(F)(F)F)c1
DTXSID4048193	1	CC(C)(C)c1ccc(-c2ccc(C(C)(C)C)cc2)cc1
DTXSID4048195	1	CCCCCCOc1ccc(O)cc1
DTXSID4048199	0	CCCCOc1ccc(N)cc1
DTXSID5020108	0	CC(=O)Oc1ccccc1C(=O)O
DTXSID5020106	0	O=C1O[C@H]([C@@H](O)CO)C(O)=C1O
DTXSID5020152	0	OCc1ccccc1
DTXSID5020027	0	C=CC(N)=O
DTXSID5020154	1	Oc1ccc(Cl)cc1Cc1ccccc1
DTXSID5020233	1	C=C1CC[C@H](O)C/C1=C/C=C1\CCC[C@]2(C)[C@@H]([C@H](C)/C=C/[C@H](C)C(C)C)CC[C@@H]12
DTXSID5020029	0	C=CC#N
DTXSID5020443	0	CCCCOC(=O)COc1ccc(Cl)cc1Cl
DTXSID5020449	0	COP(=O)(OC)OC=C(Cl)Cl
DTXSID5020499	0	CC(=O)N(C)C
DTXSID5020366	1	CC(=O)O[C@]1(C(C)=O)CC[C@H]2[C@@H]3C=C(Cl)C4=CC(=O)[C@@H]5C[C@@H]5[C@]4(C)[C@H]3CC[C@@]21C
DTXSID5020283	0	Nc1ccc(Cl)cc1N
DTXSID5020493	0	CO[PH](=O)OC
DTXSID5020281	0	O=[N+]([O-])c1ccc(Cl)cc1
DTXSID5020605	0	CCCCC(CC)CO
DTXSID5020528	0	Cc1c([N+](=O)[O-])cccc1[N+](=O)[O-]
DTXSID5020570	0	O=C1O[C@H]([C@H](O)CO)C([O-])=C1O.[Na+]
DTXSID5020576	1	C#C[C@]1(O)CC[C@H]2[C@@H]3CCc4cc(O)ccc4[C@H]3CC[C@@]21C
DTXSID5020653	1	CN(C)c1ccc(C(=C2C=CC(=[N+](C)C)C=C2)c2ccc(N(C)C)cc2)cc1.[Cl-]
DTXSID5020601	0	S=C1NCCN1
DTXSID5020607	0	CCCCC(CC)COC(=O)c1ccccc1C(=O)OCC(CC)CCCC
DTXSID5020811	1	[Cl-].[Cl-].[Hg+2]
DTXSID5020730	0	Oc1cccc2cccnc12
DTXSID5020784	0	CC[C@H](C)C(=O)O[C@H]1C[C@@H](C)C=C2C=C[C@H](C)[C@H](CC[C@@H]3C[C@@H](O)CC(=O)O3)[C@H]21
DTXSID5020867	0	Cc1cc(Cc2ccc(N)c(C)c2)ccc1N
DTXSID5020819	0	COc1nn(CSP(=S)(OC)OC)c(=O)s1
DTXSID5020863	0	C[C@](N)(Cc1ccc(O)c(O)c1)C(=O)O.C[C@](N)(Cc1ccc(O)c(O)c1)C(=O)O.O.O.O
DTXSID5020869	0	CN(C)c1ccc(Cc2ccc(N(C)C)cc2)cc1
DTXSID5021124	0	Oc1ccccc1
DTXSID5021126	0	c1ccc2c(c1)Nc1ccccc1S2
DTXSID5021097	0	CN(C)[C@@H]1C(O)=C(C(N)=O)C(=O)[C@@]2(O)C(O)=C3C(=O)c4c(O)cccc4[C@@](C)(O)[C@H]3[C@H](O)[C@@H]12.Cl
DTXSID5020944	0	NC(=O)NN=Cc1ccc([N+](=O)[O-])o1
DTXSID5021201	0	CCCOC(=O)c1cc(O)c(O)c(O)c1
DTXSID5021209	0	CCCc1cc(=O)[nH]c(=S)[nH]1
DTXSID5021251	0	O=C1NS(=O)(=O)c2ccccc21
DTXSID5021332	1	CN(C)C(=S)SSC(=S)N(C)C
DTXSID5021336	0	Cn1c(=O)c2[nH]cnc2n(C)c1=O
DTXSID5021386	0	Oc1c(Cl)cc(Cl)cc1Cl
DTXSID5021388	0	O=C(O)COc1cc(Cl)c(Cl)cc1Cl
DTXSID5021411	0	O=P(OCCCl)(OCCCl)OCCCl
DTXSID5021413	0	O=P(OCC(Br)CBr)(OCC(Br)CBr)OCC(Br)CBr
DTXSID5021590	0	CCCCCCCCCCCC(=O)O
DTXSID5021415	0	CC(O)CN(CC(C)O)CC(C)O
DTXSID5021419	0	N[C@@H](Cc1c[nH]c2ccccc12)C(=O)O
DTXSID5021544	0	Oc1ccccc1Cl
DTXSID5021754	0	CC1(C)NC(=O)NC1=O
DTXSID5021758	0	CCCCOCCOP(=O)(OCCOCCCC)OCCOCCCC
DTXSID5021831	0	Cc1cccc([N+](=O)[O-])c1
DTXSID5021885	0	CC(O)CC(C)(C)O
DTXSID5021837	0	CCN(CC)CCO
DTXSID5021916	0	CCCCCC(C)=O
DTXSID5021914	0	CC(=O)CCC(C)C
DTXSID5022308	0	O=c1c(-c2ccc(O)cc2)coc2cc(O)cc(O)c12
DTXSID5021968	0	CCOc1cc(C=O)ccc1O
DTXSID5022437	1	CC(Cc1ccc(O)c(O)c1)C(C)Cc1ccc(O)c(O)c1
DTXSID5022439	0	O=C(O)c1ccccc1C(c1ccc(O)cc1)c1ccc(O)cc1
DTXSID5022489	0	O=C(O)/C=C/c1ccccc1
DTXSID5022934	1	C[C@H]1O[C@@H](O[C@H]2[C@@H](O)C[C@H](O[C@H]3[C@@H](O)C[C@H](O[C@H]4CC[C@@]5(C)[C@H](CC[C@@H]6[C@@H]5C[C@@H](O)[C@]5(C)[C@@H](C7=CC(=O)OC7)CC[C@]65O)C4)O[C@@H]3C)O[C@@H]2C)C[C@H](O)[C@@H]1O
DTXSID5022510	0	Cc1cc(Cl)ccc1O
DTXSID5023322	1	CC#C[C@]1(O)CC[C@H]2[C@@H]3CCC4=CC(=O)CCC4=C3[C@@H](c3ccc(N(C)C)cc3)C[C@@]21C
DTXSID5023588	0	OC[C@@H](O)[C@@H](O)[C@H](O)[C@@H](O)CO
DTXSID5023792	0	Cc1ccc([N+](=O)[O-])cc1
DTXSID5023796	0	N=C(N)c1ccc(OCCCCCOc2ccc(C(=N)N)cc2)cc1.O=S(=O)(O)CCO.O=S(=O)(O)CCO
DTXSID5023742	0	CC(=O)CC(c1ccccc1)c1c(O)c2ccccc2oc1=O
DTXSID5023825	0	[As]#[In]
DTXSID5023875	0	NS(=O)(=O)[O-].[NH4+]
DTXSID5023877	0	COc1ccccc1N
DTXSID5023900	0	CCCCNC(=O)n1c(NC(=O)OC)nc2ccccc21
DTXSID5023902	0	c1ccc2cc3c(ccc4ccccc43)cc2c1
DTXSID5023950	1	CCCCN(CCCC)SN(C)C(=O)Oc1cccc2c1OC(C)(C)C2
DTXSID5023871	1	Cc1ccc(N=CN(C)C=Nc2ccc(C)cc2C)c(C)c1
DTXSID5024051	0	CC(C)OP(C)(=O)OC(C)C
DTXSID5024055	0	COS(=O)(=O)OC
DTXSID5024057	0	CNC
DTXSID5024182	0	COCCO
DTXSID5024211	0	CCN(CC)C(=O)C(C)Oc1cccc2ccccc12
DTXSID5024059	0	Cc1cc(-c2ccc(N)c(C)c2)ccc1N
DTXSID5024263	0	O=P(O)(O)O
DTXSID5024261	0	COP(=S)(OC)SCN1C(=O)c2ccccc2C1=O
DTXSID5024344	1	CC(C)N(C(=O)SCC(Cl)=C(Cl)Cl)C(C)C
DTXSID5024681	0	CC(C)(C)N
DTXSID5024394	0	CC(=O)O
DTXSID5024922	0	NCCCCCCN
DTXSID5024845	1	COc1cc2c(c(OC)c1OC)-c1ccc(OC)c(=O)cc1[C@@H](NC(C)=O)CC2
DTXSID5024891	0	Cl.Nc1ccn([C@@H]2O[C@H](CO)[C@@H](O)[C@@H]2O)c(=O)n1
DTXSID5025021	1	O=C(OC1CCCCC1)c1ccccc1C(=O)OC1CCCCC1
DTXSID5025023	0	C1=CC2C3C=CC(C3)C2C1
DTXSID5025152	0	COC(=O)CCC(=O)OC
DTXSID5025102	0	CN(C)CCCN
DTXSID5025607	0	C=CCc1ccc(OC)c(OC)c1
DTXSID5025659	0	COC(=O)c1ccccc1O
DTXSID5026259	0	CC(CCl)OP(=O)(OC(C)CCl)OC(C)CCl
DTXSID5026178	0	O=c1[n-]c(=O)n(Cl)c(=O)n1Cl.[K+]
DTXSID5026461	0	CC(C)C#N
DTXSID5026548	0	CN(C)Cc1cc(CN(C)C)c(O)c(CN(C)C)c1
DTXSID5026623	0	CC(C)(C)C1CCC(O)CC1
DTXSID5026912	0	COCCOCCOCCO
DTXSID5026889	0	CCCCCCCCCCCC(=O)OC
DTXSID5026251	0	c1ccc(P(c2ccccc2)c2ccccc2)cc1
DTXSID5026706	0	c1ccc(OCCOc2ccccc2)cc1
DTXSID5026918	0	CCCCCCCCCCCCO
DTXSID5027142	0	FC(F)(F)c1ccc(Cl)c(Cl)c1
DTXSID5027061	0	Oc1ccc2ccccc2c1
DTXSID5027198	0	CN1C(=O)c2ccccc2C1=O
DTXSID5027304	1	C[Sn](C)(Cl)Cl
DTXSID5027356	0	C=C[Si](OCCOC)(OCCOC)OCCOC
DTXSID5027433	0	CO[Si](CCCNCCN)(OC)OC
DTXSID5027774	0	O=C([O-])CN(CCN(CC(=O)[O-])CC(=O)[O-])CC(=O)[O-].[Fe+3].[Na+]
DTXSID5027932	0	*CCCCCCCCCCCC.O=S(=O)(O)c1ccccc1.OCCN(CCO)CCO
DTXSID5027770	0	C=CC(=O)NC(C)(C)CS(=O)(=O)O
DTXSID5029217	0	CCCOCC(C)O
DTXSID5031131	0	CCCCCOC(=O)c1ccccc1C(=O)OCCCCC
DTXSID5032442	0	O=[N+]([O-])/N=C1\NCCN1Cc1ccc(Cl)nc1
DTXSID5032523	1	O=c1[nH]sc2ccccc12
DTXSID5032361	0	N#CC(Br)(Br)C(N)=O
DTXSID5032365	0	N#Cc1c(Cl)cccc1Cl
DTXSID5032525	0	COc1ccc(-c2ccccc2)cc1NNC(=O)OC(C)C
DTXSID5032498	1	Oc1cc(Cl)ccc1Oc1ccc(Cl)cc1Cl
DTXSID5032315	1	CCCCCCCCn1sc(Cl)c(Cl)c1=O
DTXSID5032577	0	Cc1c(F)c(F)c(COC(=O)[C@H]2[C@@H](/C=C(\Cl)C(F)(F)F)C2(C)C)c(F)c1F
DTXSID5032579	0	CCCCOCCOC(=O)COc1nc(Cl)c(Cl)cc1Cl
DTXSID5032600	0	O=C(O)C1(C(=O)Nc2ccc(Cl)cc2Cl)CC1
DTXSID5032654	0	O=CNC(N1CCN(C(NC=O)C(Cl)(Cl)Cl)CC1)C(Cl)(Cl)Cl
DTXSID5032573	1	CC(C)(C)c1ccc(CSc2cnn(C(C)(C)C)c(=O)c2Cl)cc1
DTXSID5034357	0	O=C(NC(=O)c1c(F)cccc1F)Nc1cc(Cl)c(OC(F)(F)C(F)C(F)(F)F)cc1Cl
DTXSID5034303	1	CCCCCCC(C)OC(=O)COc1nc(F)c(Cl)c(N)c1Cl
DTXSID5033836	1	CCCCCCCCCc1ccc(O)cc1
DTXSID5034723	0	CS(=O)(=O)c1cc(C(F)(F)F)ccc1C(=O)c1cnoc1C1CC1
DTXSID5034270	0	Cc1cnc(C2=NC(=O)C(C)(C(C)C)N2)c(C(=O)O)c1
DTXSID5034773	0	O=C(NC(=O)c1c(F)cccc1F)Nc1ccc(OC(F)(F)C(F)OC(F)(F)F)c(Cl)c1
DTXSID5035589	1	CCCCCCCCCC[N+](C)(CCCCCCCCCC)CCC[Si](OC)(OC)OC.[Cl-]
DTXSID5035616	0	O=[N+]([O-])c1ccccc1[O-].[Na+]
DTXSID5037494	0	CC(C)Nc1nc(N)nc(Cl)n1
DTXSID5035957	0	CC1(C)C(C=C(Cl)Cl)C1C(=O)OC(C#N)c1ccc(F)c(Oc2ccccc2)c1
DTXSID5037028	1	CCCCCCCCCCCCCCCC[N+](C)(C)C.[Br-]
DTXSID5034981	1	CCCC[Sn](CCCC)(CCCC)OC(=O)c1ccccc1
DTXSID5037523	0	CCOP(=O)(OCC)Oc1cc(C)nc(C(C)C)n1
DTXSID5038830	0	CCCC(=O)OC(C)(C)Cc1ccccc1
DTXSID5038888	1	CCNc1ccc(C(=C2C=CC(=[N+](CC)CC)C=C2)c2ccc(N(CC)CC)cc2)c2ccccc12.[Cl-]
DTXSID5040700	0	CO[Si](OC)(OC)c1ccccc1
DTXSID5041273	0	O=C(O)C1=NN(c2ccc(S(=O)(=O)O)cc2)C(=O)C1
DTXSID5041275	0	CCCCCCCCCCCC(=O)OCC(O)CO
DTXSID5041302	0	*OCCOC(=O)C(=C)C.C1=CC2C3CCC(C3)C2C1
DTXSID5041306	1	O=C(c1ccc(O)cc1O)c1ccc(O)cc1O
DTXSID5040708	0	CCCCCCc1ccc(N)cc1
DTXSID5041514	0	CCCCC/C=C\CCC=O
DTXSID5041516	0	CCc1occc(=O)c1O
DTXSID5041487	0	CCC(C)(CCCC(C)C)OC(C)=O
DTXSID5041641	0	Cc1ccc(C)c(S(=O)(=O)O)c1
DTXSID5041643	0	O=Cc1ccccc1S(=O)(=O)[O-].[Na+]
DTXSID5041512	0	NC(=O)Nc1ccc(Cl)cc1
DTXSID5041691	0	CC(C)N(Cc1ccccc1)C(=O)C(C)(C)C
DTXSID5041726	0	O=C(Nc1ccc2c(O)c(N=Nc3ccc(N=Nc4ccc(S(=O)(=O)[O-])cc4)cc3)c(S(=O)(=O)[O-])cc2c1)c1ccccc1.[Na+].[Na+]
DTXSID5041728	0	CCOc1ccc(N=Nc2ccc(C=Cc3ccc(N=Nc4ccc(OCC)cc4)cc3S(=O)(=O)[O-])c(S(=O)(=O)[O-])c2)cc1.[Na+].[Na+]
DTXSID5042243	0	CCCCCCCC/C=C\CCCCCCCC(=O)N(C)CC(=O)O
DTXSID5042299	0	CC(C)c1ccc(O)cc1
DTXSID5044443	0	CCCC[N+](C)(CCCC)CCCC.[Cl-]
DTXSID5044493	0	CCO[Si](CCCNC(N)=O)(OCC)OCC
DTXSID5044572	0	OCCC(F)(F)C(F)(F)C(F)(F)C(F)(F)C(F)(F)C(F)(F)F
DTXSID5044576	0	CCOC(=O)CC(CC(=O)OCC)(OC(C)=O)C(=O)OCC
DTXSID5044578	0	Cc1ccc(C)c(S(=O)(=O)[O-])c1.[Na+]
DTXSID5044570	0	I.I.NCCN
DTXSID5044815	0	CCCCOC(=O)CCCCCCCC(=O)OCCCC
DTXSID5044865	1	CCCCCCCCCCCCCCN(CCO)CCO
DTXSID5044784	0	C=C(C)C(=O)OCCC(C)OC(=O)C(=C)C
DTXSID5044788	0	O=S(=O)(O)c1ccc2ccccc2c1
DTXSID5047033	0	OC[C@H]1O[C@@H]2O[C@H]3[C@H](O)[C@@H](O)[C@@H](O[C@H]4[C@H](O)[C@@H](O)[C@@H](O[C@H]5[C@H](O)[C@@H](O)[C@@H](O[C@H]6[C@H](O)[C@@H](O)[C@@H](O[C@H]7[C@H](O)[C@@H](O)[C@@H](O[C@H]8[C@H](O)[C@@H](O)[C@@H](O[C@H]9[C@H](O)[C@@H](O)[C@@H](O[C@H]1[C@H](O)[C@H]2O)O[C@@H]9CO)O[C@@H]8CO)O[C@@H]7CO)O[C@@H]6CO)O[C@@H]5CO)O[C@@H]4CO)O[C@@H]3CO
DTXSID5047291	0	Nc1cc2c3c(c1)C(c1ccccc1)=N[C@@H](NC(=O)c1cccnc1)C(=O)N3CC2
DTXSID5047320	1	CCN1CCC2(CC1)COc1cc3c(cc12)N(C(=O)c1ccc(-c2ccc(-c4nnc(C)o4)cc2C)cc1)CC3.Cl
DTXSID5047297	1	O=C(O)c1cccc(C[C@@H]2COc3ccc(OCc4nc5cc(F)ccc5s4)cc3[C@@H]2O)c1
DTXSID5047249	0	CCc1cc(C2=C(C(=O)[O-])N(c3ccccc3C(F)(F)F)S(=O)(=O)c3ccccc32)cc2c1OCO2.[K+]
DTXSID5047299	0	CCOc1cccc([C@]2(N3CCN(c4ccccc4)CC3)CC[C@@H](C)CC2)c1.CS(=O)(=O)O
DTXSID5047295	1	CN[C@H]1CC[C@@H](c2ccc(Cl)c(Cl)c2)c2ccc(S(N)(=O)=O)cc21
DTXSID5047324	0	OCC(CO)n1cnc(-c2ccc(F)cc2)c1-c1ccnc(Oc2ccccc2)n1
DTXSID5047328	1	NC(=O)c1nc(-c2cccc(-c3cc(F)ccc3OCC(F)(F)C(F)(F)F)c2)n[n-]1.O.[K+]
DTXSID5047322	0	Cc1cc2c(cc1C(F)(F)F)N(C(=O)Nc1ccc(Oc3cccnc3C)nc1)CC2.Cl
DTXSID5047372	0	CC[C@H](NC(=O)c1cc(F)ccc1[N-]S(=O)(=O)c1cccc2cccnc12)c1ccccc1.[Na+]
DTXSID5047376	0	O=C(NC(=O)c1cc(F)c(F)cc1Cl)Nc1cc(F)ccc1N1CCC(C(=O)O)CC1
DTXSID5047374	0	COc1ccc(C(=O)Nc2nc3ccccc3c(NCc3ccccc3)c2C#N)cc1
DTXSID5047451	0	CC1=NN(c2ccc(S(=O)(=O)[O-])cc2)C(=O)C1N=Nc1ccccc1.[Na+]
DTXSID5047611	0	CCCC1CCC(=O)O1
DTXSID5047538	0	O=C(OCCCCCOC(=O)c1ccccc1)c1ccccc1
DTXSID5047879	0	O=C(c1ccccc1)c1ccccc1O
DTXSID5048180	0	CCCc1ccc(N)cc1
DTXSID5048184	1	C=C1C[C@H]2[C@@H]3C=C(C)C4=CC(=O)CC[C@]4(C)[C@H]3CC[C@]2(C)[C@@]1(OC(C)=O)C(C)=O
DTXSID5048186	0	O=C(O)Cc1cc(I)c(Oc2cc(I)c(O)c(I)c2)c(I)c1
DTXSID5048182	0	O=C(c1ccccc1)C1CCCCC1
DTXSID5048188	1	Cc1ccc(S)cc1
DTXSID5048506	0	CS(=O)(=O)c1ccc([C@@H](CC2CCCC2)C(=O)Nc2cnccn2)cc1Cl
DTXSID5048211	0	CCOC(=O)c1ccc(C)cc1
DTXSID6020014	0	CC(=O)C1C(=O)C=C(C)OC1=O
DTXSID6020141	0	c1ccc2occc2c1
DTXSID6020068	0	Nc1ccc2c(c1)C(=O)c1ccccc1C2=O
DTXSID6020220	0	CC(C)(C)c1cc(O)ccc1O
DTXSID6020143	0	O=C(O)c1ccccc1
DTXSID6020197	1	CC(C)C[C@H]1C(=O)N2CCC[C@H]2[C@]2(O)O[C@](NC(=O)[C@@H]3C=C4c5cccc6[nH]c(Br)c(c56)C[C@H]4N(C)C3)(C(C)C)C(=O)N12.CS(=O)(=O)O
DTXSID6020147	0	c1ccc2[nH]nnc2c1
DTXSID6020224	0	O=C1CCCO1
DTXSID6020307	0	COCCl
DTXSID6020359	0	O=C1CCCCC1
DTXSID6020278	1	O=[N+]([O-])c1ccc(Cl)c([N+](=O)[O-])c1
DTXSID6020430	0	Clc1ccccc1Cl
DTXSID6020515	0	CN(C)C=O
DTXSID6020511	0	Cc1cc(-c2ccc(N)c(C)c2)ccc1N.Cl.Cl
DTXSID6020561	0	ClC1=C(Cl)[C@]2(Cl)[C@@H]3[C@H]4C[C@H]([C@@H]5O[C@H]45)[C@@H]3[C@@]1(Cl)C2(Cl)Cl
DTXSID6020480	0	CC(=O)OC1CC(C)OC(C)O1
DTXSID6020692	0	C1N2CN3CN1CN(C2)C3
DTXSID6020856	0	CN1CCCC1=O
DTXSID6020939	0	O=C(O)CN(CC(=O)O)CC(=O)O
DTXSID6021030	0	O=NN(c1ccccc1)c1ccccc1
DTXSID6021086	0	CNC(=O)ON=C(SC)C(=O)N(C)C
DTXSID6021082	0	O=S(=O)([O-])c1cc(S(=O)(=O)[O-])c2c(N=Nc3ccccc3)c(O)ccc2c1.[Na+].[Na+]
DTXSID6021240	1	CC(=O)OC/C=C(C)/C=C/C=C(C)/C=C/C1=C(C)CCCC1(C)C
DTXSID6021244	0	CO[C@H]1/C=C/O[C@@]2(C)Oc3c(C)c(O)c4c(O)c(c(/C=N/N5CCN(C)CC5)c(O)c4c3C2=O)NC(=O)/C(C)=C\C=C\[C@H](C)[C@H](O)[C@@H](C)[C@@H](O)[C@@H](C)[C@H](OC(C)=O)[C@@H]1C
DTXSID6021248	1	C=C(C)[C@H]1Cc2c(ccc3c2O[C@@H]2COc4cc(OC)c(OC)cc4[C@@H]2C3=O)O1
DTXSID6021032	0	CCCN(CCC)N=O
DTXSID6021402	0	Cc1ccc(C)c(C)c1
DTXSID6021793	0	Oc1cccc2ccccc12
DTXSID6021666	0	CCCCCCCCCCCCCC(=O)O
DTXSID6021456	0	O=S(=O)([O-])c1ccc(N=Nc2c(O)ccc3cc(S(=O)(=O)[O-])ccc23)cc1.[Na+].[Na+]
DTXSID6021907	0	N#CCC#N
DTXSID6021824	1	Oc1ccc(Cl)cc1Cc1cc(Cl)ccc1O
DTXSID6021828	0	CC(=O)c1ccccc1
DTXSID6021872	0	Cc1ccc(N)cc1
DTXSID6021957	0	O=C(Oc1ccccc1)c1ccccc1O
DTXSID6021959	0	Oc1c(Br)cc(Br)cc1Br
DTXSID6022000	0	NCCO
DTXSID6022137	0	CC/C=C\CCO
DTXSID6022008	0	CCCCCCCCCO
DTXSID6022391	1	O=c1cc(-c2ccc(O)cc2)oc2cc(O)cc(O)c12
DTXSID6022056	0	Clc1cccc(Cl)c1
DTXSID6022341	0	COc1nc(NC(C)C)nc(NC(C)C)n1
DTXSID6022187	0	Cc1ccc(C)c(O)c1C
DTXSID6022345	1	Clc1ccc(C(c2ccccc2Cl)C(Cl)(Cl)Cl)cc1
DTXSID6022422	0	Nc1ccc(Cc2ccc(N)cc2)cc1
DTXSID6022472	0	CCCCc1ccccc1
DTXSID6022474	1	C[C@]12C[C@H](O)[C@H]3[C@@H](CCC4=CC(=O)CC[C@@]43C)[C@@H]1CC[C@@H]2C(=O)CO
DTXSID6022927	0	O=c1[nH]cnc2c1ncn2[C@H]1CC[C@@H](CO)O1
DTXSID6023159	0	CCC(Cc1c(I)cc(I)c(N)c1I)C(=O)O
DTXSID6023602	0	O=C(O)CCC(=O)O
DTXSID6023999	0	Nc1nc(N)nc(NC2CC2)n1
DTXSID6024046	0	CCOP(=O)(OCC)Oc1ccc([N+](=O)[O-])cc1
DTXSID6023733	1	CCCC(CCC)C(=O)O
DTXSID6023652	0	Nc1nc2nc[nH]c2c(=S)[nH]1
DTXSID6023868	1	CC1(C)CN=C(NN=C(C=Cc2ccc(C(F)(F)F)cc2)C=Cc2ccc(C(F)(F)F)cc2)NC1
DTXSID6023523	0	CC(C)c1cccc(C(C)C)c1O
DTXSID6023862	0	CNC(=O)ON=CC(C)(C)S(C)(=O)=O
DTXSID6024175	0	COCC(=O)N(c1c(C)cccc1C)C(C)C(=O)OC
DTXSID6024204	0	CSc1nnc(C(C)(C)C)c(=O)n1N
DTXSID6024206	0	CCSC(=O)N1CCCCCC1
DTXSID6024177	0	COP(N)(=O)SC
DTXSID6024254	0	c1ccc2c(c1)ccc1ccccc12
DTXSID6024200	0	Cc1cccc(O)c1
DTXSID6024460	0	Nc1ccc(N=Nc2ccccc2)cc1
DTXSID6024048	0	COS(=O)(=O)[O-].Cn1c(-c2ccccc2)cc(-c2ccccc2)[n+]1C
DTXSID6024337	0	CCN(CC)C(=O)SCc1ccc(Cl)cc1
DTXSID6024466	0	Nc1ccc(C(=O)O)cc1
DTXSID6024123	0	COC(=O)C(C)Oc1ccc(Oc2ncc(C(F)(F)F)cc2Cl)cc1
DTXSID6024676	0	C=CC(=O)OCCCC
DTXSID6024624	1	CC(C)(c1ccc(OCC2CO2)cc1)c1ccc(OCC2CO2)cc1
DTXSID6024834	0	O=C/C=C/c1ccccc1
DTXSID6024836	0	CC(C)=CCCC(C)=CC=O
DTXSID6024882	1	C[C@@H]1C[C@@H]([C@H](O)CC2CC(=O)NC(=O)C2)C(=O)[C@@H](C)C1
DTXSID6024888	0	O.O=P1(N(CCCl)CCCl)NCCCO1
DTXSID6024913	0	CCCCCCCCCC
DTXSID6025018	0	C1CCC(NC2CCCCC2)CC1
DTXSID6025014	0	ClC(Cl)c1ccccc1
DTXSID6024917	0	CC(=O)CC(C)(C)O
DTXSID6025068	0	CCCCCCOC(=O)c1ccccc1C(=O)OCCCCCC
DTXSID6025010	0	OC(CCl)CCl
DTXSID6025220	0	CCCCCCCCCCCCS
DTXSID6025226	1	Clc1ccc(COC(Cn2ccnc2)c2ccc(Cl)cc2Cl)cc1.O=[N+]([O-])O
DTXSID6025272	0	CCOC(=O)c1ccccc1N
DTXSID6025145	0	Cc1ccc(C)c(O)c1
DTXSID6025141	0	O=C(NCO)NCO
DTXSID6025143	0	Cc1cccc(O)c1C
DTXSID6025436	0	O=S(=O)(O)O.Oc1cccc2cccnc12.Oc1cccc2cccnc12
DTXSID6025438	0	NC(=O)NO
DTXSID6025567	0	COC(=O)c1ccccc1N
DTXSID6025692	0	C=CC(=C)CCC=C(C)C
DTXSID6025355	0	O=CCCCC=O
DTXSID6025486	0	CC(C)NCC(O)c1ccc(O)c(O)c1.Cl
DTXSID6026080	0	O=C(O)c1ccc(C(=O)O)cc1
DTXSID6026797	0	Cc1cc(C)cc(C)c1
DTXSID6026799	0	Clc1nc(Cl)nc(Cl)n1
DTXSID6026298	0	Cc1cccc(C)c1
DTXSID6027050	0	CN(C)C(=S)[S-].[Na+]
DTXSID6027052	0	CC(C)(C)c1cccc(C(C)(C)C)c1O
DTXSID6027131	0	c1nc[nH]n1
DTXSID6027218	0	CCc1cccc(CC)c1N
DTXSID6027268	0	CCCCCCCCCCCCCCC
DTXSID6027397	0	CCCCCCCC/C=C\CCCCCCCC(=O)OC[C@@H](O)[C@H]1OC[C@H](O)[C@H]1O
DTXSID6027713	0	CCCCCCCC/C=C\CCCCCCCC(=O)OCCO
DTXSID6027345	0	c1ccc(B(c2ccccc2)c2ccccc2)cc1
DTXSID6027921	1	*C.*C.O=C(OCCOCCOC(=O)c1ccccc1)c1ccccc1
DTXSID6027923	1	
DTXSID6028022	0	BrCc1cccc(Oc2ccccc2)c1
DTXSID6032352	0	COP(=S)(OC)Oc1nc(Cl)c(Cl)cc1Cl
DTXSID6031380	0	O=C1NC2NC(=O)NC2N1
DTXSID6032354	0	C#CCOC(=O)[C@@H](C)Oc1ccc(Oc2ncc(Cl)cc2F)cc1
DTXSID6032358	0	CCNC(=O)NC(=O)C(C#N)=NOC
DTXSID6032356	0	CCSC(=O)N(CC)C1CCCCC1
DTXSID6032431	0	CCc1cccc(C)c1N(C(=O)CCl)[C@@H](C)COC
DTXSID6032514	1	O=Cc1ccccc1C=O
DTXSID6032516	0	CCCCCCCCSCCO
DTXSID6032518	1	O=c1ssc(Cl)c1Cl
DTXSID6032562	1	CCCCC(CC)CN1C(=O)C2C3C=CC(C3)C2C1=O
DTXSID6032647	1	N#CSCSc1nc2ccccc2s1
DTXSID6032641	0	O=C(O)c1c(Cl)ccc2cc(Cl)cnc12
DTXSID6032645	0	Cc1nn(-c2cc(NS(C)(=O)=O)c(Cl)cc2Cl)c(=O)n1C(F)F
DTXSID6032649	1	CC(C)=CC1C(C(=O)OCN2C(=O)C3=C(CCCC3)C2=O)C1(C)C
DTXSID6034186	1	CC(=O)S[C@@H]1CC2=CC(=O)CC[C@]2(C)[C@H]2CC[C@@]3(C)[C@@H](CC[C@@]34CCC(=O)O4)[C@H]12
DTXSID6034265	0	NCCO.O=C(O)c1nc(Cl)ccc1Cl
DTXSID6034005	0	NS(=O)(=O)O
DTXSID6034764	0	COc1cc(OC)nc(NC(=O)NS(=O)(=O)c2ncccc2C(=O)N(C)C)n1
DTXSID6034928	1	CCC(C)(C)C(=O)OC1=C(c2ccc(Cl)cc2Cl)C(=O)OC12CCCCC2
DTXSID6034392	0	O=C(Nc1ccccc1-c1ccc(Cl)cc1)c1cccnc1Cl
DTXSID6034924	0	O=C([O-])C(Cl)(Cl)Cl.[Na+]
DTXSID6034849	0	CCCOC(=O)NCCCN(C)C.Cl
DTXSID6034972	0	Cc1ccc(C(C)C)c(O)c1
DTXSID6035152	0	CC1(C)C(=O)NC(=O)N1CO
DTXSID6036467	0	O=S(=O)([O-])c1ccccc1C=Cc1ccc(-c2ccc(C=Cc3ccccc3S(=O)(=O)[O-])cc2)cc1.[Na+].[Na+]
DTXSID6040111	0	CCCC(=O)OCC
DTXSID6040371	0	CN(C)c1ccc(N=NS(=O)(=O)[O-])cc1.[Na+]
DTXSID6040747	1	CC(=O)[C@@]1(O)CC[C@H]2[C@@H]3CCC4=CC(=O)CC[C@]4(C)[C@H]3CC[C@@]21C
DTXSID6040795	0	Cc1ccc(S(=O)(=O)[N-]Cl)cc1.O.O.O.[Na+]
DTXSID6041210	0	CC1=CCC(C(C)C)=CC1
DTXSID6041426	0	C1=COCCC1
DTXSID6041472	0	C#CC(C)(O)CC(C)C
DTXSID6041422	0	Cc1cc(=O)oc2cc(N(C)C)ccc12
DTXSID6041424	0	CC(C)CCCC(C)(C)O
DTXSID6041682	0	O=S1(=O)OC(c2cc(Br)c(O)c(Br)c2)(c2cc(Br)c(O)c(Br)c2)c2ccccc21
DTXSID6041636	0	CC(=O)OC(C)c1ccccc1
DTXSID6041715	0	COc1ccccc1N=Nc1c(S(=O)(=O)[O-])cc2cc(S(=O)(=O)[O-])cc(NC(C)=O)c2c1O.[Na+].[Na+]
DTXSID6041719	0	CC1=NN(c2cc(Cl)c(S(=O)(=O)[O-])cc2Cl)C(=O)C1N=Nc1ccc(S(=O)(=O)[O-])cc1.[Na+].[Na+]
DTXSID6042234	0	CCCCCCCCO[C@@H]1O[C@H](CO)[C@@H](O)[C@H](O)[C@H]1O
DTXSID6042074	0	Cc1ccc(C(C)C)cc1O
DTXSID6042232	0	CC(CC=O)CCCC(C)(C)O
DTXSID6042490	0	CCO[Si](C)(OCC)OCC
DTXSID6042494	0	CCC[Si](OC)(OC)OC
DTXSID6042369	1	CCN(CC)c1ccc2c(-c3ccccc3C(=O)O)c3ccc(N(CC)CC)cc3[o+]c2c1.[Cl-]
DTXSID6043709	0	CC1=C2C[C@H]3[C@@H](CC=C4C[C@@H](O)CC[C@@]43C)[C@@H]2CC[C@]12O[C@@H]1C[C@H](C)CN[C@H]1[C@H]2C
DTXSID6043915	1	CCCCCC(=O)O[C@]1(C(C)=O)CC[C@H]2[C@@H]3CCC4=CC(=O)CC[C@]4(C)[C@H]3CC[C@@]21C
DTXSID6044303	1	CC(C)c1c(C(=O)Nc2ccccc2)c(-c2ccccc2)c(-c2ccc(F)cc2)n1CC[C@@H](O)C[C@@H](O)CC(=O)[O-].CC(C)c1c(C(=O)Nc2ccccc2)c(-c2ccccc2)c(-c2ccc(F)cc2)n1CC[C@@H](O)C[C@@H](O)CC(=O)[O-].[Ca+2]
DTXSID6044430	0	O=C(Cc1ccccc1)c1ccccc1
DTXSID6045400	0	Cn1c([N+](=O)[O-])cnc1COC(N)=O
DTXSID6047103	0	CCCCCCCCCCCCCCCCCCOS(=O)(=O)[O-].[Na+]
DTXSID6047280	1	CNCc1cc(F)ccc1Oc1ccc(Cl)c(Cl)c1
DTXSID6047284	0	O=C(N[C@H]1CN2CCC1CC2)c1cc2ccoc2cn1
DTXSID6047313	0	CCN(C(=O)c1cc(C)cc(OC[C@H](C)Nc2ccncc2)c1)C(C)C.Cc1ccc(S(=O)(=O)O)cc1
DTXSID6047286	0	COCCOC[C@H](CC1(C(=O)N[C@H]2CC[C@@H](C(=O)O)CC2)CCCC1)C(=O)Oc1ccc2c(c1)CCC2
DTXSID6047288	1	CN(C[C@@H](CC[N+]12CCC(C3CCCCC3)(CC1)CC2)c1ccc(Cl)c(Cl)c1)C(=O)c1cc(C(F)(F)F)cc(C(F)(F)F)c1.CS(=O)(=O)[O-]
DTXSID6047282	0	C[C@@H](Oc1ccc(CNC(=O)c2cccnc2Oc2ccc3c(c2)OCO3)c(F)c1)C(=O)O
DTXSID6047311	1	CNS(=O)(=O)c1cc(C(=O)N2CCC(CCN3C4CCC3CC(n3c(C)nc5ccccc53)C4)(c3cccc(F)c3)CC2)c(Cl)cc1F
DTXSID6047448	0	[K+].[O-][Cl+2]([O-])[O-]
DTXSID6047315	1	CCc1cc(SCc2sc(-c3ccc(C(F)(F)F)cc3)nc2CN2CCN(c3ccc(OC)cc3)CC2)ccc1OCC(=O)O
DTXSID6047319	0	CC(=O)c1ccc2c(c1)[C@H](NC(=O)c1ccc(F)cc1)[C@@H](O)C(C)(C)O2
DTXSID6047363	0	COc1cccc([C@H](O)C2CCN(CCc3ccc(F)cc3)CC2)c1OC
DTXSID6047369	1	COc1cc(-c2nc(NC(=O)c3cc4cc(C)cc(C)c4n3CC(=O)O)sc2CCC2CCCCC2)c(OC)cc1Cl.O=C(O)C(F)(F)F
DTXSID6047525	0	CC[C@H](C)C(=O)O[C@H]1C[C@H](O)C=C2C=C[C@H](C)[C@H](CC[C@@H](O)C[C@@H](O)CC(=O)[O-])[C@H]21.[Na+]
DTXSID6048200	0	Cc1cc(C)c(C(=O)O)c(C)c1
DTXSID6048202	0	CC(C)C(=O)c1ccccc1
DTXSID6048206	0	CCCCCc1ccc(Cl)cc1
DTXSID6048175	0	COc1ccc(-n2nc(C(F)F)cc2-c2ccc(S(C)=O)cc2)cc1
DTXSID6048171	0	Cc1ccc2oc(CN(Cc3ccccc3)C(=O)Nc3c(F)cc(F)cc3F)c(-c3ccc(Cl)cc3)c2c1
DTXSID6048204	0	CCCCC1CCC(O)CC1
DTXSID6048208	0	COC(=O)c1ccccc1C
DTXSID7020182	1	CC(C)(c1ccc(O)cc1)c1ccc(O)cc1
DTXSID7020005	0	CC(N)=O
DTXSID7020267	1	ClC1=C(Cl)C2(Cl)C3C(Cl)C(Cl)CC3C1(Cl)C2(Cl)Cl
DTXSID7020392	0	C=CCOC(=O)c1ccccc1C(=O)OCC=C
DTXSID7020348	0	O=c1ccc2ccccc2o1
DTXSID7020479	0	CNC(=O)CSP(=S)(OC)OC
DTXSID7020425	1	O=C1C(Cl)=C(Cl)C(=O)c2ccccc21
DTXSID7020508	0	C[As](C)(=O)O
DTXSID7020685	0	Cl[C@H]1[C@H](Cl)[C@@H](Cl)[C@H](Cl)[C@@H](Cl)[C@@H]1Cl
DTXSID7020683	0	ClC(Cl)=C(Cl)C(Cl)=C(Cl)Cl
DTXSID7020710	0	c1ccc(NNc2ccccc2)cc1
DTXSID7020716	0	Oc1ccc(O)cc1
DTXSID7020764	0	CC(C)OC(=O)Nc1cccc(Cl)c1
DTXSID7020766	0	CC(C)OC(=O)Nc1ccccc1
DTXSID7020768	0	O=c1c(O)c(-c2ccc(O)cc2)oc2cc(O)cc(O)c12
DTXSID7020970	1	O=[N+]([O-])c1ccc(Oc2ccc(Cl)cc2Cl)cc1
DTXSID7020845	0	COS(C)(=O)=O
DTXSID7020895	0	ClC1(Cl)C2(Cl)C3(Cl)C4(Cl)C(Cl)(Cl)C5(Cl)C3(Cl)C1(Cl)C5(Cl)C24Cl
DTXSID7020843	1	CCCCC/C=C\C/C=C\CCCCCCCC(=O)OC
DTXSID7020972	0	O=C1CN(N=Cc2ccc([N+](=O)[O-])o2)C(=O)N1
DTXSID7021152	1	Oc1ccc(-c2ccccc2)cc1
DTXSID7021106	0	Oc1c(Cl)c(Cl)c(Cl)c(Cl)c1Cl
DTXSID7021150	1	CC(=O)O[Hg]c1ccccc1
DTXSID7021233	0	O=C1OC2(c3ccccc31)c1cc(I)c([O-])c(I)c1Oc1c2cc(I)c([O-])c1I.[Na+].[Na+]
DTXSID7021029	0	CN(C)N=O
DTXSID7021100	0	CCOP(=S)(OCC)Oc1ccc([N+](=O)[O-])cc1
DTXSID7021237	1	COC(=O)[C@H]1[C@H]2C[C@@H]3c4[nH]c5cc(OC)ccc5c4CCN3C[C@H]2C[C@@H](OC(=O)c2cc(OC)c(OC)c(OC)c2)[C@@H]1OC
DTXSID7021364	0	Cc1ccccc1N.Cl
DTXSID7021239	1	CC1=C(/C=C/C(C)=C/C=C/C(C)=C/C(=O)O)C(C)(C)CCC1
DTXSID7021520	0	CCCCOCCOCCOCCO
DTXSID7021605	0	O=C(O)CCCCC(=O)O
DTXSID7021780	0	CCOC(=O)c1ccccc1C(=O)OCC
DTXSID7021863	0	CCOC(=O)CC(=O)OCC
DTXSID7021607	0	CCCCCC(=O)O
DTXSID7021655	0	CCCCC(=O)O
DTXSID7021653	0	CCCCC=O
DTXSID7021788	0	O=[N+]([O-])c1ccc(O)cc1C(F)(F)F
DTXSID7021815	0	Nc1ccc(Cl)c(Cl)c1
DTXSID7021946	0	CCCCCCCCCCO
DTXSID7021948	0	CNC(=O)Oc1ccccc1OC(C)C
DTXSID7021869	0	Cc1ccc(O)cc1
DTXSID7021940	0	CCCCCCCCO
DTXSID7022043	0	O=C(O)c1cccc(C(=O)O)n1
DTXSID7022049	0	Cc1cc(C)c(O)c(C)c1
DTXSID7021992	0	O.O=C1[N-]S(=O)(=O)c2ccccc21.[Na+]
DTXSID7022253	1	CC(C)=CC1C(C(=O)OCc2coc(Cc3ccccc3)c2)C1(C)C
DTXSID7022332	0	CCC(C)c1ccc(O)cc1
DTXSID7022413	0	CC=Cc1ccc(O)c(OC)c1
DTXSID7022411	0	CC(C)(C)c1cc(Cc2cc(C(C)(C)C)c(O)c(C(C)(C)C)c2)cc(C(C)(C)C)c1O
DTXSID7022174	0	CCOP(=S)(Oc1ccc([N+](=O)[O-])cc1)c1ccccc1
DTXSID7022679	0	O=C(O)CCCC[C@@H]1SC[C@H]2NC(=O)N[C@@H]12
DTXSID7023192	0	CC(O)C(=O)O
DTXSID7023645	0	CN(C)[C@@H]1C(O)=C(C(N)=O)C(=O)[C@@]2(O)C(O)=C3C(=O)c4c(O)cccc4[C@@](C)(O)[C@H]3C[C@@H]12
DTXSID7023936	0	CCSC(=O)N(CC(C)C)CC(C)C
DTXSID7024081	1	O=C(O)C1C2CCC(O2)C1C(=O)O
DTXSID7024085	0	O=P(O)(O)CCCl
DTXSID7024031	0	Cl/C=C/Cl
DTXSID7024035	0	O=C(O)CCCOc1ccc(Cl)cc1Cl
DTXSID7024087	0	CCOCCO
DTXSID7024376	0	CCCSC(=O)N(CCC)CCC
DTXSID7024112	0	CS(=O)(=O)NC(=O)c1cc(Oc2ccc(C(F)(F)F)cc2Cl)ccc1[N+](=O)[O-]
DTXSID7024160	0	CCOC(=O)C(C)OC(=O)c1cc(Oc2ccc(C(F)(F)F)cc2Cl)ccc1[N+](=O)[O-]
DTXSID7024299	1	C[C@H]1[C@H](c2ccc(Cl)cc2)SC(=O)N1C(=O)NC1CCCCC1
DTXSID7024538	0	O=C1c2c(O)cccc2Cc2cccc(O)c21
DTXSID7024320	0	Clc1cc(Cl)c(Cl)cc1Cl
DTXSID7024241	0	CCOc1cc(Oc2ccc(C(F)(F)F)cc2Cl)ccc1[N+](=O)[O-]
DTXSID7024873	0	Oc1nc(O)nc(O)n1
DTXSID7024821	0	FC(F)(F)c1ccc(Cl)cc1
DTXSID7024245	1	CCC(CC)Nc1c([N+](=O)[O-])cc(C)c(C)c1[N+](=O)[O-]
DTXSID7024827	1	CN(C)CCCN1c2ccccc2Sc2ccc(Cl)cc21.Cl
DTXSID7024902	1	CN1CSC(=S)N(C)C1
DTXSID7025003	0	Oc1cc(Cl)ccc1Cl
DTXSID7025055	0	CCCCC(CC)COC(=O)CCCCCCCCC(=O)OCC(CC)CCCC
DTXSID7024586	0	c1ccc2scnc2c1
DTXSID7025217	0	CCCCCCCCCC=CCC1CC(=O)OC1=O
DTXSID7025132	0	Cc1cccc([N+](=O)[O-])c1C
DTXSID7025130	0	*C.*C.c1ccc2ccccc2c1
DTXSID7025502	0	C=CC(C)(O)CCC=C(C)C
DTXSID7025506	0	CC/C=C\C/C=C\C/C=C\CCCCCCCC(=O)O
DTXSID7025427	0	CC(C)(O)C#N
DTXSID7025429	1	Oc1ccc2cc(SSc3ccc4cc(O)ccc4c3)ccc2c1
DTXSID7025895	0	Nc1ccc(Nc2ccccc2)cc1
DTXSID7026102	0	O=C1OC(=O)c2c(Cl)c(Cl)c(Cl)c(Cl)c21
DTXSID7026029	0	CC1=CC(=O)/C(=C(/C)[O-])C(=O)O1.[Na+]
DTXSID7026235	0	O=C(O)c1ccc2c(c1)C(=O)OC2=O
DTXSID7026285	0	COc1ccc(C=O)cc1OC
DTXSID7026156	0	Cc1ccc(N=C=O)cc1N=C=O
DTXSID7026368	0	O=C(O)c1ccccc1O
DTXSID7026314	1	c1ccn2[O-]->[Zn+2]3(<-[O-]n4ccccc4=[SH]3)[SH]=c2c1
DTXSID7026811	0	Sc1ccccc1
DTXSID7026867	0	O=C(O)CCCCCCCCC(=O)O
DTXSID7027047	0	CC(=O)C(C)=CC1C(C)=CCCC1(C)C
DTXSID7027041	0	CC(C)CC(C)(O)C#CC(C)(O)CC(C)C
DTXSID7026946	0	C=CC(C)(CCC=C(C)C)OC(C)=O
DTXSID7026994	0	CCCCCCCCCCCCc1ccccc1
DTXSID7027205	0	C[Si]1(C)O[Si](C)(C)O[Si](C)(C)O[Si](C)(C)O1
DTXSID7027388	0	*C.*C.CCCCCCCOC(=O)CCCCC(=O)OCCCCCCC
DTXSID7027461	0	NNC(=S)NN
DTXSID7027540	0	CCCCNS(=O)(=O)c1ccccc1
DTXSID7027887	0	CCCCC(CC)COC(=O)c1c(Br)c(Br)c(Br)c(Br)c1C(=O)OCC(CC)CCCC
DTXSID7027833	0	CCc1cccc(C)c1N
DTXSID7027625	0	CCCCC(CC)COC(=O)c1ccc(C(=O)OCC(CC)CCCC)cc1
DTXSID7027837	0	*C.*C.*C.OCCOCCOCCO
DTXSID7027756	0	OCc1cccc(Oc2ccccc2)c1
DTXSID7029110	0	CCC(C)(O)CCCC(C)C
DTXSID7029162	0	CC1(C)C(=O)N(Br)C(=O)N1Cl
DTXSID7029164	0	CC(C)COC(=O)CC(C(=O)OCC(C)C)S(=O)(=O)[O-].[Na+]
DTXSID7029241	1	CC(C)(c1ccccc1)c1ccc(O)c(C(C)(C)c2ccccc2)c1
DTXSID7029320	1	CCCCC(CC)COC(=O)c1ccc(N(C)C)cc1
DTXSID7029661	0	CC(CCO)CC(C)(C)C
DTXSID7029611	0	O=C(OCCOCCOCCOC(=O)c1ccccc1)c1ccccc1
DTXSID7029871	1	Clc1ccccc1C(c1ccccc1)(c1ccccc1)n1ccnc1
DTXSID7029904	0	OCCC(F)(F)C(F)(F)C(F)(F)C(F)(F)C(F)(F)C(F)(F)C(F)(F)C(F)(F)F
DTXSID7030307	0	Nc1cc(Cl)cc(Cl)c1
DTXSID7029879	1	CC(=O)N1CCN(c2ccc(OC[C@H]3CO[C@](Cn4ccnc4)(c4ccc(Cl)cc4Cl)O3)cc2)CC1
DTXSID7030060	0	CC(C)(Cl)Cl
DTXSID7030698	0	OC[C@H]1O[C@@H]2O[C@H]3[C@H](O)[C@@H](O)[C@@H](O[C@H]4[C@H](O)[C@@H](O)[C@@H](O[C@H]5[C@H](O)[C@@H](O)[C@@H](O[C@H]6[C@H](O)[C@@H](O)[C@@H](O[C@H]7[C@H](O)[C@@H](O)[C@@H](O[C@H]1[C@H](O)[C@H]2O)O[C@@H]7CO)O[C@@H]6CO)O[C@@H]5CO)O[C@@H]4CO)O[C@@H]3CO
DTXSID7031248	0	O.[Br-].[Br-].c1cc[n+]2c(c1)-c1cccc[n+]1CC2
DTXSID7032004	1	CC(C)C(=O)Nc1ccc([N+](=O)[O-])c(C(F)(F)F)c1
DTXSID7032345	1	CC(=O)O.CC(=O)O.N=C(NCCCCCCNC(=N)NC(=N)Nc1ccc(Cl)cc1)NC(=N)Nc1ccc(Cl)cc1
DTXSID7032393	1	CCOC(=O)NCCOc1ccc(Oc2ccccc2)cc1
DTXSID7032551	1	O=[N+]([O-])c1cc(C(F)(F)F)c(Cl)c([N+](=O)[O-])c1Nc1ncc(C(F)(F)F)cc1Cl
DTXSID7032553	0	CCN(Cc1c(F)cccc1Cl)c1c([N+](=O)[O-])cc(C(F)(F)F)cc1[N+](=O)[O-]
DTXSID7032470	0	CCNP(=S)(OC)O/C(C)=C/C(=O)OC(C)C
DTXSID7032424	0	CS(=O)(=O)c1ccc(C(=O)C2C(=O)CCCC2=O)c([N+](=O)[O-])c1
DTXSID7032555	0	C#CCN1C(=O)COc2cc(F)c(N3C(=O)C4=C(CCCC4)C3=O)cc21
DTXSID7032559	0	CC1(C)[C@H](/C=C(\Cl)C(F)(F)F)[C@@H]1C(=O)O[C@@H](C#N)c1cccc(Oc2ccccc2)c1
DTXSID7032638	0	COC(=O)N(OC)c1ccccc1COc1ccn(-c2ccc(Cl)cc2)n1
DTXSID7032630	0	c1ccc(CNc2[nH]cnc3ncnc2-3)cc1
DTXSID7034252	0	CCC(=NOC/C=C/Cl)C1=C(O)CC(C2CCOCC2)CC1=O
DTXSID7034383	0	COc1cc(OC)nc(Oc2cccc(Oc3nc(OC)cc(OC)n3)c2C(=O)[O-])n1.[Na+]
DTXSID7032688	1	CC(C)=CC1C(C(=O)OCc2cccc(Oc3ccccc3)c2)C1(C)C
DTXSID7034549	0	CNC(=N[N+](=O)[O-])NCC1CCOC1
DTXSID7034545	0	COc1ccc(C(=CC(=O)N2CCOCC2)c2ccc(Cl)cc2)cc1OC
DTXSID7034674	1	CC(C)C1CCC(Cc2ccc(Cl)cc2)C1(O)Cn1cncn1
DTXSID7034961	0	N#C/N=C1\SCCN1Cc1ccc(Cl)nc1
DTXSID7035010	0	CC(=O)CC(c1ccccc1)c1c([O-])c2ccccc2oc1=O.[Na+]
DTXSID7034676	0	CCOP(=S)(OCC)Oc1nc(Cl)n(C(C)C)n1
DTXSID7035272	0	CC(C)c1ccc2cc(C(C)C)ccc2c1
DTXSID7037717	1	Oc1ccc(C(c2ccc(O)cc2)(C(F)(F)F)C(F)(F)F)cc1
DTXSID7037551	0	CN(C)C(=O)Nc1ccccc1
DTXSID7037262	0	CC(=O)[C@H]1[C@H](C#N)C[C@H]2[C@@H]3CC=C4C[C@@H](O)CC[C@]4(C)[C@H]3CC[C@@]21C
DTXSID7037185	1	CCCCc1oc2ccccc2c1C(=O)c1cc(I)c(OCCN(CC)CC)c(I)c1.Cl
DTXSID7038864	1	CCc1cc(Cc2cc(CC)cc(C(C)(C)C)c2O)c(O)c(C(C)(C)C)c1
DTXSID7038810	0	C=C[Si](C)(C)O[Si](C)(C)C=C
DTXSID7040285	0	CC(=O)c1ccccc1O
DTXSID7040360	0	CCOC(=O)C1=NOC(c2ccccc2)(c2ccccc2)C1
DTXSID7040362	0	O=C(Nc1ccc([N+](=O)[O-])cc1Cl)c1cc(Cl)ccc1O
DTXSID7040788	0	COc1ccc(O)c(C(C)(C)C)c1
DTXSID7041097	1	CCC(C)N(C)C(=O)c1cc2ccccc2c(-c2ccccc2Cl)n1
DTXSID7041413	0	C=C(C)[C@@H]1CC=C(C)C(=O)C1
DTXSID7041544	1	CC(=O)c1cc2c(cc1C)C(C)(C)C(C)CC2(C)C
DTXSID7041675	0	CC(=O)O[C@@H]1C[C@@H]2CC[C@@]1(C)C2(C)C
DTXSID7041623	0	O=C(Nc1ccccc1)c1ccccc1I
DTXSID7041708	0	*C.Cc1ccccc1N=Nc1c(O)ccc(N=Nc2ccc(S(=O)(=O)[O-])cc2)c1O.[Na+]
DTXSID7042011	0	CCCCCCCCCCCC(=O)N(C)CC(=O)O
DTXSID7041889	0	O=[PH](Oc1ccccc1)Oc1ccccc1
DTXSID7041962	0	CCO[Si](CC)(OCC)OCC
DTXSID7042273	1	CC(C)c1ccc(O)c(C(C)C)c1
DTXSID7042190	0	CCCCCCCCCC[N+](C)(C)[O-]
DTXSID7042196	0	CCCCOC(=O)C(C)O
DTXSID7042356	0	c1ccc(CCCc2ccccn2)cc1
DTXSID7042198	0	CCCCNS(=O)(=O)c1ccc(C)cc1
DTXSID7042061	0	CC(=O)O[C@H]1C[C@@H]2CC[C@@]1(C)C2(C)C
DTXSID7044394	0	CC(C)(C)C1CCC(=O)CC1
DTXSID7044390	0	CNC(=S)NN
DTXSID7044718	0	COc1ccc(N=Nc2cc(C)c(N=Nc3ccc(S(=O)(=O)[O-])cc3)cc2OC)cc1.[Na+]
DTXSID7044928	0	CC(C)O[Ti](OCCN(CCO)CCO)(OCCN(CCO)CCO)OC(C)C
DTXSID7047277	1	CN1CCN(c2ccccc2/C=C2\SCCN(c3ccc(Cl)c(Cl)c3)C2=O)CC1
DTXSID7047271	1	CS(=O)(=O)O.Cc1cc(CCN2CCN(c3nsc4ccccc34)CC2)cc2c1NC(=O)CC2(C)C
DTXSID7047306	0	Cc1cc(NC(=O)C(=O)O)cc(C)c1Oc1ccc(O)c2c1CCC2
DTXSID7047304	0	NC(=O)N1C(=O)C(C(=O)c2cc(Cl)cs2)c2cc(F)c(Cl)cc21
DTXSID7047279	0	CC[C@@H]1C[C@H](N(Cc2cc(C(F)(F)F)cc(C(F)(F)F)c2)C(C)=O)c2cc(C(F)(F)F)ccc2N1C(=O)OC(C)C
DTXSID7047308	1	O=C(O)C1(c2ccc3c(c2)OC[C@H](Cc2ccc(-c4ccccc4)cc2)[C@H]3O)CCCC1
DTXSID7047358	1	COc1ccc(S(=O)(=O)N2C(=O)[C@@](c3ccccc3OC)(N3C[C@H](O)C[C@H]3C(=O)N(C)C)c3cc(Cl)ccc32)c(OC)c1
DTXSID7047356	0	CC(=O)S[C@H](C(=O)N[C@H]1Cc2ccccc2[C@H]2CCC[C@@H](C(=O)O)N2C1=O)C(C)C
DTXSID7047433	1	C[C@]12CC[C@H]3C(=CCc4cc(O)ccc43)[C@@H]1CCC2=O
DTXSID7047487	0	CCCCCCCCCOS(=O)(=O)[O-].[Na+]
DTXSID7048168	1	Cc1[nH]cnc1C[C@H]1CCc2c(C)c3ccccc3n2C1=O.Cl
DTXSID7048166	1	COc1cc(C=O)cc2c1[C@H](COC(N)=O)[C@]1(OC(C)=O)ON2C[C@H]2[C@@H]1N2C(C)=O
DTXSID8020044	0	C=CCO
DTXSID8020040	1	ClC1=C(Cl)[C@]2(Cl)[C@H]3[C@H]([C@@H]4C=C[C@H]3C4)[C@@]1(Cl)C2(Cl)Cl
DTXSID8020123	0	c1ccc(N=Nc2ccccc2)cc1
DTXSID8020127	0	Cc1cn([C@H]2C[C@H](N=[N+]=[N-])[C@@H](CO)O2)c(=O)[nH]c1=O
DTXSID8020121	0	[N-]=[N+]=[N-].[Na+]
DTXSID8020179	0	CC(O)CNCC(C)O
DTXSID8020337	1	CCN(CC)CCOc1ccc(C(=C(Cl)c2ccccc2)c2ccccc2)cc1.O=C(O)CC(O)(CC(=O)O)C(=O)O
DTXSID8020381	0	CC1(C)[C@H](C(=O)O[C@H](C#N)c2cccc(Oc3ccccc3)c2)[C@@H]1C=C(Br)Br
DTXSID8020541	0	O=C1NC(=O)C(c2ccccc2)(c2ccccc2)N1
DTXSID8020466	0	CCNC(=S)NCC
DTXSID8020591	0	CCOC(=O)C1OC1(C)c1ccccc1
DTXSID8020462	0	OCCOCCO
DTXSID8020620	0	COP(=S)(OC)Oc1ccc(SC)c(C)c1
DTXSID8020597	0	OCCO
DTXSID8020628	0	CN(C)C(=O)Nc1cccc(C(F)(F)F)c1
DTXSID8020834	0	COC(N)=O
DTXSID8020755	0	NNC(=O)c1ccncc1
DTXSID8020759	0	CC1=CC(=O)CC(C)(C)C1
DTXSID8020915	0	O=C(O)Cc1cccc2ccccc12
DTXSID8020913	0	c1ccc2ccccc2c1
DTXSID8020961	0	Nc1ccc([N+](=O)[O-])cc1
DTXSID8020969	0	CC[N+](=O)[O-]
DTXSID8021062	0	O=NN1CCCC1
DTXSID8021195	0	O=S1(=O)CCCO1
DTXSID8021199	0	CCCCN(CC)C(=O)SCCC
DTXSID8021224	0	Cc1ccc(S(=O)(=O)Oc2ccc(N=Nc3ccc(-c4ccc(N=Nc5c(O)ccc6cc(S(=O)(=O)[O-])cc(S(=O)(=O)[O-])c56)c(C)c4)cc3C)cc2)cc1.[Na+].[Na+]
DTXSID8021515	0	CCCC(=O)O
DTXSID8021519	0	CCCCOCCOCCO
DTXSID8021272	0	[Na+].[O-][Cl+][O-]
DTXSID8021517	0	O=C(O)/C=C\C(=O)O
DTXSID8021301	1	CC/C(=C(\c1ccccc1)c1ccc(OCCN(C)C)cc1)c1ccccc1.O=C(O)CC(O)(CC(=O)O)C(=O)O
DTXSID8021640	0	O=C(O)CCCCCCCC(=O)O
DTXSID8021642	0	CCCCCCCCCCCCCCCCCC(=O)O
DTXSID8021771	1	CCC(C)(C)c1ccc(O)cc1
DTXSID8021777	0	Cc1cc2nc3c(=O)[nH]c(=O)nc-3n(C[C@H](O)[C@H](O)[C@H](O)CO)c2cc1C
DTXSID8021800	0	CCN(CC)c1ccccc1
DTXSID8021937	0	CCCCCCCO
DTXSID8021856	0	CCCCc1ccc(N)cc1
DTXSID8021804	0	CCOC(=O)c1ccc(N)cc1
DTXSID8021808	0	Cc1ccccc1O
DTXSID8021931	0	CCCCCCO
DTXSID8022325	1	Oc1ccc(C(c2ccc(O)cc2)C(Cl)(Cl)Cl)cc1
DTXSID8022111	0	CCC(=O)Nc1ccc(Cl)c(Cl)c1
DTXSID8022292	0	CC1(C)C(C=C(Cl)Cl)C1C(=O)OCc1cccc(Oc2ccccc2)c1
DTXSID8022113	0	C=CC(Cl)CCl
DTXSID8022828	0	Nc1nc(Cl)nc2c1ncn2[C@H]1C[C@H](O)[C@@H](CO)O1
DTXSID8022589	0	CCC1(c2ccc(N)cc2)CCC(=O)NC1=O
DTXSID8022377	1	C[C@]12CC[C@@H]3c4ccc(O)cc4CC[C@H]3[C@@H]1CC[C@H]2O
DTXSID8022406	1	O=C(c1ccccc1)c1ccc(O)cc1O
DTXSID8022408	0	O=S1(=O)OC(c2ccc(O)cc2)(c2ccc(O)cc2)c2ccccc21
DTXSID8022959	0	CCCCC(CC)COC(=O)CC(C(=O)OCC(CC)CCCC)S(=O)(=O)[O-].[Na+]
DTXSID8023632	0	O=C(O)[C@H](O)[C@@H](O)C(=O)O
DTXSID8023719	1	Cc1c(C)c2c(c(C)c1O)CCC(C)(COc1ccc(CC3SC(=O)NC3=O)cc1)O2
DTXSID8023846	0	COP(=O)(NC(C)=O)SC
DTXSID8023848	1	CCOCN(C(=O)CCl)c1c(C)cccc1CC
DTXSID8023890	0	COC(=O)NS(=O)(=O)c1ccc(N)cc1
DTXSID8023977	0	Cc1ccccc1Cl
DTXSID8024072	0	CN(C)C(=O)C(c1ccccc1)c1ccccc1
DTXSID8023216	0	N[C@@H](Cc1cc(I)c(Oc2ccc(O)c(I)c2)c(I)c1)C(=O)O
DTXSID8024105	0	c1ccc2c(c1)Cc1ccccc1-2
DTXSID8024107	0	Cn1cc(-c2ccccc2)c(=O)c(-c2cccc(C(F)(F)F)c2)c1
DTXSID8024109	0	CC(C)Oc1cccc(NC(=O)c2ccccc2C(F)(F)F)c1
DTXSID8023927	0	Brc1ccc(Oc2ccccc2)cc1
DTXSID8024234	0	CNc1cnn(-c2cccc(C(F)(F)F)c2)c(=O)c1Cl
DTXSID8024151	1	C=CCOC(Cn1ccnc1)c1ccc(Cl)cc1Cl
DTXSID8024159	0	CCC(C)(CC)c1cc(NC(=O)c2c(OC)cccc2OC)on1
DTXSID8024157	1	CCCN(CCC)c1c([N+](=O)[O-])cc(C(C)C)cc1[N+](=O)[O-]
DTXSID8024238	1	CCCN(CCC)c1c([N+](=O)[O-])cc(S(N)(=O)=O)cc1[N+](=O)[O-]
DTXSID8024284	0	COCC(C)O
DTXSID8024315	0	CCCCC(C#N)(Cn1cncn1)c1ccc(Cl)cc1
DTXSID8024317	0	Cc1[nH]c(=O)n(C(C)(C)C)c(=O)c1Cl
DTXSID8024280	1	CCCC1COC(Cn2cncn2)(c2ccc(Cl)cc2Cl)O1
DTXSID8024311	0	O=C([O-])CF.[Na+]
DTXSID8024652	1	O=[N+]([O-])C(Br)(CO)CO
DTXSID8024814	0	Cc1ccc(Cl)cc1
DTXSID8024523	1	C[C@]12CCC(=O)C=C1CC[C@@H]1[C@@H]2CC[C@]2(C)C(=O)CC[C@@H]12
DTXSID8025096	0	COC(=O)CCCCC(=O)OC
DTXSID8024999	0	O=[N+]([O-])c1ccc(Cl)c(Cl)c1
DTXSID8025337	0	NC=O
DTXSID8024993	0	O=c1[nH]c(=O)n(Cl)c(=O)n1Cl
DTXSID8025886	0	CCOC(=O)C1OC1c1ccccc1
DTXSID8025595	0	C=CC(=O)NCNC(=O)C=C
DTXSID8026224	0	COCCOCCOCCOC
DTXSID8026228	0	CCOP(=O)(OCC)OCC
DTXSID8025599	1	N#CSCSC#N
DTXSID8026141	0	O=C(O)CS
DTXSID8026307	0	Cc1cccc(C)c1N
DTXSID8026193	0	Clc1cccc(Cl)c1Cl
DTXSID8026488	0	C=C1C2CCC(C2)C1(C)C
DTXSID8026698	1	C1CN(SSN2CCOCC2)CCO1
DTXSID8026694	0	CCCCC(CC)COC(C)=O
DTXSID8026640	0	CC(C)c1cccc(C(C)C)c1
DTXSID8026513	0	O=C1NC(=O)C2CC=CCC12
DTXSID8027036	0	CC(C)(CO)CO
DTXSID8027032	0	CC(C)(N)CO
DTXSID8027034	0	O=[N+]([O-])C(CO)(CO)CO
DTXSID8026727	0	CC(C)=CCC/C(C)=C/CO
DTXSID8026773	0	CC(O)CCO
DTXSID8027581	0	C1=CCCC=CCCC=CCC1
DTXSID8027402	0	COC(=O)c1cccc(C(=O)OC)c1
DTXSID8027246	0	O=C1CCCN1
DTXSID8027292	1	CCCC[Sn](Cl)(Cl)CCCC
DTXSID8027454	0	CC(=O)CC(=O)N(C)C
DTXSID8027377	0	*C.*C.Nc1ccccc1
DTXSID8027826	0	O=C(CC(C(=O)OC1CCCCC1)S(=O)(=O)[O-])OC1CCCCC1.[Na+]
DTXSID8027793	1	O=C1c2ccccc2C(=O)N1SC1CCCCC1
DTXSID8029105	0	Cc1ccc(S(N)(=O)=O)cc1
DTXSID8029153	0	O=C(OCc1ccccc1)c1ccccc1
DTXSID8029157	0	CCCCCC(C=O)=Cc1ccccc1
DTXSID8029600	0	C=C(C)C(N)=O
DTXSID8029650	0	CC1CCC(C(C)C)C(O)C1
DTXSID8029159	0	CC(C)CC(C)CC(O)CC(C)C
DTXSID8031863	0	O=C(O)C(F)(F)C(F)(F)C(F)(F)C(F)(F)C(F)(F)C(F)(F)C(F)(F)C(F)(F)F
DTXSID8032544	0	CCCOC(=O)c1ccc(C(=O)OCCC)nc1
DTXSID8031865	0	O=C(O)C(F)(F)C(F)(F)C(F)(F)C(F)(F)C(F)(F)C(F)(F)C(F)(F)F
DTXSID8032548	1	N#CC(CCc1ccc(Cl)cc1)(Cn1cncn1)c1ccccc1
DTXSID8032386	0	C=C(C)CN(CC)c1c([N+](=O)[O-])cc(C(F)(F)F)cc1[N+](=O)[O-]
DTXSID8033562	1	CC(C)(O)C(=O)Nc1ccc([N+](=O)[O-])c(C(F)(F)F)c1
DTXSID8032675	0	CCCSP(=S)(OCC)Oc1ccc(SC)cc1
DTXSID8034580	0	CCOC1Oc2ccc(OS(C)(=O)=O)cc2C1(C)C
DTXSID8032673	0	COc1cc(OC)nc(Sc2cccc(Cl)c2C(=O)[O-])n1.[Na+]
DTXSID8034401	1	CC(C)N1C(=O)N(c2ccccc2)CSC1=NC(C)(C)C
DTXSID8034586	1	CCOc1cc(C(C)(C)C)ccc1C1COC(c2c(F)cccc2F)=N1
DTXSID8034376	0	CC[N+](CC)(CC(=O)Nc1c(C)cccc1C)Cc1ccccc1.O=C([O-])c1ccccc1
DTXSID8034588	0	CC1(c2ccc(Oc3ccccc3)cc2)OC(=O)N(Nc2ccccc2)C1=O
DTXSID8034324	0	CCOP(=S)(OCC)ON=C(C#N)c1ccccc1
DTXSID8034665	0	CC(C)C1(C)N=C(c2ncccc2C(=O)O)NC1=O
DTXSID8034871	0	CCOC(=O)COc1cc(-c2nn(C)c(OC(F)F)c2Cl)c(F)cc1Cl
DTXSID8034877	0	Cc1cc(C)nc(Nc2ccccc2)n1
DTXSID8034956	1	FC(F)C(F)(F)OCC(Cn1cncn1)c1ccc(Cl)cc1Cl
DTXSID8035180	1	C=CCC1=C(C)C(OC(=O)C2C(C=C(C)C)C2(C)C)CC1=O
DTXSID8035001	0	C=CCCCCCCCCC(=O)O
DTXSID8035423	0	Cc1ccc(C)c2ccccc12
DTXSID8037752	0	O=C(Oc1ccccc1)c1cccc(C(=O)Oc2ccccc2)c1
DTXSID8037708	0	O=C([O-])C(F)(F)C(F)(F)C(F)(F)C(F)(F)C(F)(F)C(F)(F)C(F)(F)F.[NH4+]
DTXSID8037754	0	C=CCOc1nc(OCC=C)nc(OCC=C)n1
DTXSID8037706	0	O=S(=O)([O-])C(F)(F)C(F)(F)C(F)(F)C(F)(F)C(F)(F)C(F)(F)C(F)(F)C(F)(F)F.[K+]
DTXSID8040694	0	CCCCOC(=O)c1ccccc1
DTXSID8040484	0	C=C[C@@]1(C)CC(=O)[C@]2(O)[C@@]3(C)[C@@H](O)CCC(C)(C)[C@@H]3[C@H](O)[C@H](OC(C)=O)[C@@]2(C)O1
DTXSID8040222	0	COc1cc(OC)nc(NC(=O)[N-]S(=O)(=O)c2ncccc2OCC(F)(F)F)n1.[Na+]
DTXSID8040721	0	O=C1CCC(C2CCCCC2)CC1
DTXSID8041379	0	COc1cc(C(C)(C)C)c(O)c(C(C)(C)C)c1
DTXSID8041248	1	CC(C)(C)c1cc(O)c(C(C)(C)C)cc1O
DTXSID8041298	0	CCC1CCC(=O)O1
DTXSID8041610	0	O=C[C@@H](O)[C@H](O)[C@H](O)CO
DTXSID8041909	0	[Cl-].[Cl-].[Cl-].[Dy+3]
DTXSID8042052	0	C1=Cc2ccccc2C1
DTXSID8041955	0	CCN(CCO)CCO
DTXSID8041957	0	CCOC(OCC)OCC
DTXSID8042187	0	CCCCNC(=S)NCCCC
DTXSID8042189	0	CC(C)N(c1ccccc1)C(C)C
DTXSID8042422	0	OCC(O)c1ccccc1
DTXSID8042399	0	CC(C)C1=CC2=CC[C@@H]3[C@](C)(CCC[C@@]3(C)C(=O)[O-])[C@H]2CC1.[Na+]
DTXSID8042424	0	Nc1ccc(S(=O)(=O)Nc2cnc3ccccc3n2)cc1
DTXSID8042507	0	NC(=O)Nc1ccccc1
DTXSID8042503	0	CCCCOC(CC)OC(C)COC(O)CC
DTXSID8042426	0	O=C(O)CC(C(=O)O)S(=O)(=O)O
DTXSID8044202	0	CCCCCCCCOC(C)=O
DTXSID8044593	0	[Cl-].c1ccc(C[n+]2cccc3ccccc32)cc1
DTXSID8044888	0	CCCCC(CC)C(=O)[O-].CCCCC(CC)C(=O)[O-].[Ba+2]
DTXSID8045191	0	CNC(=C[N+](=O)[O-])NCCSCc1ccc(CN(C)C)o1
DTXSID8047185	0	CC(C)CCOC(=O)c1ccccc1
DTXSID8047264	0	Oc1ccc2c(c1)OC[C@@H](N1CCC(O)(c3ccc(F)cc3)CC1)[C@H]2O
DTXSID8047266	0	O=C(NO)C1(NS(=O)(=O)c2ccc(Oc3ccc(F)cc3)cc2)CCOCC1
DTXSID8047391	0	Cc1nc(-c2ccccn2)ncc1C(=O)Nn1cc(C)c2cc(F)ccc21
DTXSID8047341	1	CN(C)C(=O)NC1(c2ccccc2)CCN(CCC[C@]2(c3ccc(Cl)c(Cl)c3)CCCN(C(=O)c3ccccc3)C2)CC1
DTXSID8047262	0	Cc1cc(SC2=C(O)C[C@@](CCc3ccc(N)cc3)(C(C)C)OC2=O)c(C(C)(C)C)cc1CO
DTXSID8047268	0	COc1ccc2sc(C(=O)Nc3nnn[n-]3)c(OC(C)C)c2c1.[Na+]
DTXSID8047347	1	CCN(CC)CCNc1ccc(CNC=O)c2sc3ccc(OC)cc3c(=O)c12
DTXSID8047553	0	O=C(O)C(F)(F)C(F)(F)C(F)(F)C(F)(F)C(F)(F)C(F)(F)C(F)(F)C(F)(F)C(F)(F)C(F)(F)F
DTXSID8048521	0	CCCC[C@H]1CN(CC2CCOCC2)C(=O)OC12CCN(C1(C)CCN(C(=O)c3c(C)ncnc3C)CC1)CC2
DTXSID9020089	0	Clc1nc(Cl)nc(Nc2ccccc2Cl)n1
DTXSID9020112	0	CCNc1nc(Cl)nc(NC(C)C)n1
DTXSID9020160	0	Cc1c(COC(=O)[C@@H]2[C@H](/C=C(\Cl)C(F)(F)F)C2(C)C)cccc1-c1ccccc1
DTXSID9020164	0	OCC(CO)(CBr)CBr
DTXSID9020114	1	CN(C)c1ccc(C(=N)c2ccc(N(C)C)cc2)cc1.Cl
DTXSID9020087	0	C/C=C/c1ccc(OC)cc1
DTXSID9020168	0	ClCCOCCCl
DTXSID9020293	1	O=C(CCl)c1ccccc1
DTXSID9020249	0	CNC(=O)Oc1cccc2c1OC(C)(C)C2
DTXSID9020243	1	O=C1C2CC=CCC2C(=O)N1SC(Cl)(Cl)Cl
DTXSID9020247	0	CNC(=O)Oc1cccc2ccccc12
DTXSID9020295	0	Nc1ccc(Cl)cc1
DTXSID9020299	1	CCOC(=O)C(O)(c1ccc(Cl)cc1)c1ccc(Cl)cc1
DTXSID9020370	0	CN(C)NC(=O)CCC(=O)O
DTXSID9020372	1	Clc1ccc(C(c2ccccc2Cl)C(Cl)Cl)cc1
DTXSID9020374	1	ClC(Cl)=C(c1ccc(Cl)cc1)c1ccc(Cl)cc1
DTXSID9020409	0	c1ccc2c(c1)ccc1cc3c(ccc4ccccc43)cc12
DTXSID9020453	0	ClC1=C(Cl)[C@]2(Cl)[C@@H]3[C@@H]4C[C@@H]([C@H]5O[C@@H]45)[C@@H]3[C@@]1(Cl)C2(Cl)Cl
DTXSID9020582	0	CCOc1ccc2c(c1)C(C)=CC(C)(C)N2
DTXSID9020407	0	CCOP(=S)(OCC)Oc1cc(C)nc(C(C)C)n1
DTXSID9020663	0	OCC(O)CO
DTXSID9020617	0	C=CCc1ccc(O)c(OC)c1
DTXSID9020740	0	COc1ccc2c(c1)c(CC(=O)O)c(C)n2C(=O)c1ccc(Cl)cc1
DTXSID9020794	1	S=C([S-])NCCNC1=S->[Mn+2]<-[S-]1
DTXSID9020790	0	CCOC(=O)CC(SP(=O)(OC)OC)C(=O)OCC
DTXSID9020827	1	COc1ccc(C(c2ccc(OC)cc2)C(Cl)(Cl)Cl)cc1
DTXSID9020792	0	O=c1ccc(=O)[nH][nH]1
DTXSID9020877	0	Cc1cccc2ccccc12
DTXSID9021138	0	Nc1ccc(N)cc1
DTXSID9021217	0	CCc1nc(N)nc(N)c1-c1ccc(Cl)cc1
DTXSID9021390	0	ClCC(Cl)CCl
DTXSID9021427	0	CCOC(N)=O
DTXSID9021348	0	NC(N)=S
DTXSID9021392	0	OCCN(CCO)CCO
DTXSID9021477	0	F[B-](F)(F)F.[Na+]
DTXSID9021639	0	CCCCCCCCC=O
DTXSID9021689	0	CCCCCCCCCCC
DTXSID9021554	0	CCCCCCCCCC(=O)O
DTXSID9021922	0	CCNCCO
DTXSID9021847	0	c1ccc(Oc2ccccc2)cc1
DTXSID9021764	0	CC(O)CN
DTXSID9021897	0	Cc1cccnc1
DTXSID9022310	0	O=c1c(-c2ccc(O)cc2)coc2cc(O)ccc12
DTXSID9022100	0	CCCc1ccc(O)cc1
DTXSID9022360	1	CC(C)(C)CC(C)(C)c1ccc(O)cc1
DTXSID9022364	1	C[C@]12CCC(=O)C[C@@H]1CC[C@@H]1[C@@H]2CC[C@]2(C)[C@@H](O)CC[C@@H]12
DTXSID9022312	1	CCCCCCCCc1ccc(O)cc1
DTXSID9021976	0	OCCOc1ccccc1
DTXSID9022366	1	C[C@]12CC[C@@H]3c4ccc(O)cc4CC[C@H]3[C@@H]1C[C@@H](O)[C@@H]2O
DTXSID9021928	0	CCOCCOC(C)=O
DTXSID9022607	0	CC(C)(C#N)c1cc(Cn2cncn2)cc(C(C)(C)C#N)c1
DTXSID9022526	0	O=C(OCc1ccccc1)c1ccc(O)cc1
DTXSID9022522	1	CC(C)COC(=O)c1ccccc1C(=O)OCC(C)C
DTXSID9022524	0	O=C1CCC(N2C(=O)c3ccccc3C2=O)C(=O)N1
DTXSID9022528	0	CCOC(=O)c1ccc(O)cc1
DTXSID9022817	0	Cc1c(C(=O)O)c(O)cc2c1C(=O)c1c(O)c([C@@H]3O[C@H](CO)[C@@H](O)[C@H](O)[C@H]3O)c(O)c(O)c1C2=O
DTXSID9023380	1	C#C[C@]1(O)CC[C@H]2[C@@H]3CCC4=CC(=O)CC[C@@H]4[C@H]3CC[C@@]21C
DTXSID9023881	0	Clc1ccccc1-c1nnc(-c2ccccc2Cl)nn1
DTXSID9023889	0	CCOC(=O)C(C)Oc1ccc(Oc2cnc3cc(Cl)ccc3n2)cc1
DTXSID9023914	0	COP(=O)(OC)O/C(C)=C/C(=O)N(C)C
DTXSID9023833	0	*O[Si](*)(C)C
DTXSID9024194	0	Cc1cc(Cl)ccc1OC(C)C(=O)O
DTXSID9024304	0	CCCC(=NOCC)C1=C(O)CC(CC(C)SCC)CC1=O
DTXSID9024065	0	O=[N+]([O-])c1cccc([N+](=O)[O-])c1
DTXSID9024431	0	CSC(C)(C)C=NO
DTXSID9024063	0	Cc1cccc(C)c1O
DTXSID9024489	0	Cc1ccc(N)cc1O
DTXSID9024691	0	CCCCOCC1CO1
DTXSID9024699	1	CC(C)(C)OOC(=O)c1ccccc1
DTXSID9024930	0	Cc1ccc(N)c(N)c1
DTXSID9024986	0	O=S(=O)(c1ccc(Cl)cc1)c1ccc(Cl)cc1
DTXSID9025110	0	CC(C)(C)OOC(C)(C)CCC(C)(C)OOC(C)(C)C
DTXSID9025291	0	CCCCC(C=O)CC
DTXSID9025403	0	CCCCCCOC(=O)c1ccccc1
DTXSID9025293	0	CCCCC(CC)C(=O)O
DTXSID9025451	0	CC(=O)C=CC1=C(C)CCCC1(C)C
DTXSID9025297	0	C=CC(=O)OCC(CC)CCCC
DTXSID9025453	0	CC(=O)OCCC(C)C
DTXSID9025796	0	CCCCCCCCC
DTXSID9026132	0	Cn1cnc2c1c(=O)[nH]c(=O)n2C
DTXSID9026261	0	O=P(OC(CCl)CCl)(OC(CCl)CCl)OC(CCl)CCl
DTXSID9026689	0	CC(O)CN(CCN(CC(C)O)CC(C)O)CC(C)O
DTXSID9026265	0	CCCCC(CC)COC(=O)c1ccc(C(=O)OCC(CC)CCCC)c(C(=O)OCC(CC)CCCC)c1
DTXSID9026841	0	CCCCCCOC(=O)CCCCC(=O)OCCCCCC
DTXSID9026922	0	OCCOCCOCCOCCO
DTXSID9026342	0	OCCc1ccccc1
DTXSID9026926	1	CCCCCCCCCCCCCCO
DTXSID9026500	0	CC(C=O)Cc1ccc(C(C)(C)C)cc1
DTXSID9027312	0	CC(O)COc1ccccc1
DTXSID9026974	1	CCC(C)(C)c1ccc(O)c(C(C)(C)CC)c1
DTXSID9027360	0	NC(=O)[O-].[NH4+]
DTXSID9027364	0	CCCCCCCC(=O)N(C)C
DTXSID9027528	0	CSCCC=O
DTXSID9027522	1	CC(C)(C)CC(C)(C)c1ccc(O)c(-n2nc3ccccc3n2)c1
DTXSID9027441	1	CCCCCCCCOc1ccc(C(=O)c2ccccc2)c(O)c1
DTXSID9027863	0	*C.[H]OCCO
DTXSID9029146	0	CN1CCOCC1
DTXSID9029221	0	O=C(O)c1nc(Cl)ccc1Cl
DTXSID9029223	1	Cc1ccc(C(C)c2ccc(C)c(C)c2)cc1C
DTXSID9029302	0	CCCCCC(CO)CCC
DTXSID9029649	0	NCc1cccc(CN)c1
DTXSID9032327	0	CNC(=O)Oc1cccc2c1OC(C)(C)O2
DTXSID9032329	1	CC(C)OP(=S)(OC(C)C)SCCNS(=O)(=O)c1ccccc1
DTXSID9032113	1	CC(C)(C)C(O)(CCc1ccc(Cl)cc1)Cn1cncn1
DTXSID9032531	1	Clc1ccc(C2(Cn3cncn3)CC(Br)CO2)c(Cl)c1
DTXSID9032533	1	CCOCn1c(-c2ccc(Cl)cc2)c(C#N)c(Br)c1C(F)(F)F
DTXSID9032379	1	CSC(=O)c1c(C(F)F)nc(C(F)(F)F)c(C(=O)SC)c1CC(C)C
DTXSID9032610	0	CCOc1ccc(C(C)(C)COCc2cccc(Oc3ccccc3)c2)cc1
DTXSID9032581	1	CCC(C)(NC(=O)c1cc(Cl)c(C)c(Cl)c1)C(=O)CCl
DTXSID9032535	0	CCOC(=O)C1CC(=O)C(=C(O)C2CC2)C(=O)C1
DTXSID9032537	1	CCCCCCCCCC[N+](C)(C)CCCCCCCCCC.[Cl-]
DTXSID9033058	0	Nn1cnnc1
DTXSID9033923	0	CC12CC1(C)C(=O)N(c1cc(Cl)cc(Cl)c1)C2=O
DTXSID9034232	0	CC(Oc1cccc(Cl)c1)C(=O)O
DTXSID9034282	0	O=C(O)COc1ccc(Cl)cc1
DTXSID9034361	0	CC[N+](CC)(CC(=O)Nc1c(C)cccc1C)Cc1ccccc1.O=C1[N-]S(=O)(=O)c2ccccc21
DTXSID9034365	0	C=CCOC(=O)C(C)(C)OC(=O)c1cc(-n2c(=O)cc(C(F)(F)F)n(C)c2=O)ccc1Cl
DTXSID9034286	0	Cn1sc(Cl)cc1=O
DTXSID9034490	0	N#CN
DTXSID9034492	1	Cc1ccc(-c2c(Cl)nc(C#N)n2S(=O)(=O)N(C)C)cc1
DTXSID9036226	0	CCCCCCCCOS(=O)(=O)[O-].[Na+]
DTXSID9034816	0	CNC(=O)/C=C(\C)OP(=O)(OC)OC
DTXSID9034818	1	COP(=O)(OC)SCn1c(=O)oc2cc(Cl)cnc21
DTXSID9034997	1	CCCCCCCCCCCCCC[P+](CCCC)(CCCC)CCCC.[Cl-]
DTXSID9035175	0	c1coc(CNc2[nH]cnc3ncnc2-3)c1
DTXSID9035204	1	C=C(C)C(=O)O[Sn](CCCC)(CCCC)CCCC
DTXSID9034864	0	CCCOc1nn(C(=O)[N-]S(=O)(=O)c2ccccc2C(=O)OC)c(=O)n1C.[Na+]
DTXSID9036515	1	CCC(=O)O[C@H]1CC[C@H]2[C@@H]3CCC4=CC(=O)CC[C@]4(C)[C@H]3CC[C@]12C
DTXSID9036933	0	F[Si-2](F)(F)(F)(F)F.[Na+].[Na+]
DTXSID9037745	1	CC(C)(C)c1ccc(OC(=O)c2ccccc2O)cc1
DTXSID9037749	0	O=C(Nc1ccccc1)c1cc(Cl)ccc1O
DTXSID9037539	0	O=[S@]1OC[C@@H]2[C@H](CO1)[C@]1(Cl)C(Cl)=C(Cl)[C@@]2(Cl)C1(Cl)Cl
DTXSID9036690	0	CC(C)COC(=O)CCCCC(=O)OCC(C)C
DTXSID9040342	0	CCC1COC(=O)O1
DTXSID9040001	0	COC(=O)c1ccccc1C(=O)O
DTXSID9041237	0	CC1=CC=C(C(C)C)CC1
DTXSID9040710	0	C[Si](C)(C)O[Si](C)(C)O[Si](C)(C)C
DTXSID9040716	0	CCC(C)(C)C1CCC(O)CC1
DTXSID9041289	1	CCCCCCCCCCCCCC[N+](C)(C)C.[Cl-]
DTXSID9041368	0	CCC1(C)NC(=O)NC1=O
DTXSID9041491	0	OCC=Cc1ccccc1
DTXSID9041815	0	CC1CC(O)CC(C)(C)C1
DTXSID9041861	0	CCOP(O)OCC
DTXSID9042209	0	CCCCCCCCN(C)CCCCCCCC
DTXSID9041653	0	COC(=O)c1c(C)cc(O)c(C)c1O
DTXSID9042415	0	Cc1ccc(S(=O)(=O)[O-])cc1.[Na+]
DTXSID9042382	0	CCCO[Si](OCCC)(OCCC)OCCC
DTXSID9043938	0	O=C(O)c1ccccc1C(=O)OCc1ccccc1
DTXSID9044536	1	CC(=O)c1cc(C(C)(C)C)cc2c1CCC2(C)C
DTXSID9044538	1	CCN(CCC#N)c1ccc(N=Nc2c(Cl)cc([N+](=O)[O-])cc2Cl)cc1
DTXSID9044663	0	CC(=O)Nc1cc(S(=O)(=O)[O-])cc2cc(S(=O)(=O)[O-])c(N=Nc3ccccc3)c(O)c12.[Na+].[Na+]
DTXSID9044742	0	NCCOCCOCCN
DTXSID9044825	0	CC(C)(C)c1cccc(O)c1
DTXSID9044823	0	C=C(C)C(=O)[O-].[Na+]
DTXSID9047178	0	CCCCCCCCCCCCCCCCCC(=O)OCC(CC)CCCC
DTXSID9047205	1	CCCCC(CC)COC(=O)/C=C/c1ccc(OC)cc1
DTXSID9047259	0	Cl.Clc1cc(Cl)c2c(c1)N=C1CCCCCN1C2
DTXSID9047255	0	CC(C)c1cccc(C(C)C)c1NC(=O)[N-]S(=O)(=O)c1cc(C(C)(C)O)co1.[Na+]
DTXSID9047257	1	c1ccc(C(O[C@@H]2CCCN(CCc3ccc4c(c3)OCO4)C2)c2ccccc2)cc1
DTXSID9047251	1	COc1ccc(OC(F)(F)F)cc1CN[C@H]1CCCN[C@H]1c1ccccc1
DTXSID9047253	1	CCc1nn(C2CCCCC2)c2cc([C@]3(C#N)CC[C@@H](C(=O)O)CC3)ccc12
DTXSID9047330	1	CC(C)(O)c1cnn2c(-c3ccc(F)c(-c4c(F)cccc4C#N)c3)cnc2n1
DTXSID9047334	1	Fc1ccccc1[C@@H](F)CO[C@H]1CC[C@H](Nc2[nH]cnc3nncc2-3)CC1
DTXSID9047338	0	OC12N=C(c3ccccc3)SC1Cc1cc(Cl)ccc12
DTXSID9047590	0	O=C(OCCc1ccccc1)c1ccccc1
DTXSID9047540	1	Oc1ccc2c(c1)-c1ccccc1C2
DTXSID9047542	0	CO/C=C(/C(=O)OC)c1ccccc1COc1cccc(C(F)(F)F)n1
DTXSID9047592	1	Oc1cc2ccccc2c2ccccc12
DTXSID9047594	0	CCCCCCCCc1ccc(S(=O)(=O)[O-])cc1.[Na+]
DTXSID9047598	1	C=CCc1cc(S(=O)(=O)c2ccc(O)c(CC=C)c2)ccc1O
DTXSID9048190	1	COC(=O)[C@]1(C)CCC[C@@]2(C)[C@H]1CC=C1C=C(C(C)C)CC[C@@H]12
DTXSID9048192	0	CCCCc1ccc(Cl)cc1
DTXSID9048194	0	CCCCCCC(=O)c1ccccc1
DTXSID9048196	0	CC(C)(C)c1ccc(S)cc1
DTXSID9048198	0	CCCC1CCC(=O)CC1
DTXSID9048510	1	O=C(O)c1cccc(N(Cc2cccnc2)c2ccc(OC(F)F)c(OC(F)F)c2)c1
DTXSID9048512	1	O=C(CCCCCCCCc1cccnc1)N1CCC(C=C(c2ccccc2)c2ccccc2)CC1
DTXSID9048516	0	O=C([N-]S(=O)(=O)/C=C/c1ccccc1)c1ccc(F)cc1Cl.[Na+]
DTXSID9048518	0	O=C(NS(=O)(=O)/C=C/c1cccs1)c1ccc(F)cc1Br
DTXSID9048514	0	COc1ccc(/C=C/S(=O)(=O)[N-]C(=O)c2ccc(C)cc2Cl)cc1.[Na+]
